Date,close
2017.12.2,60.46690533
2017.12.3,60.35911777
2017.12.4,60.14801778
2017.12.5,60.163857
2017.12.6,64.84083854
2017.12.7,70.88183783
2017.12.8,67.50127837
2017.12.9,65.47487226
2017.12.10,67.39342029
2017.12.11,66.39705454
2017.12.12,62.76151748
2017.12.13,59.96207438
2017.12.14,57.22555914
2017.12.15,59.45365462
2017.12.16,60.50201583
2017.12.17,58.95695849
2017.12.18,55.80041955
2017.12.19,52.05955007
2017.12.20,49.16347007
2017.12.21,47.81952663
2017.12.22,48.96349792
2017.12.23,48.525923
2017.12.24,47.64102015
2017.12.25,47.49118418
2017.12.26,49.56786691
2017.12.27,49.23871163
2017.12.28,48.1334893
2017.12.29,45.48080381
2017.12.30,43.21282227
2017.12.31,43.28122747
2018.1.1,41.77946096
2018.1.2,42.09394281
2018.1.3,39.44559836
2018.1.4,39.52342108
2018.1.5,42.85403244
2018.1.6,41.78811095
2018.1.7,39.1650668
2018.1.8,38.73286585
2018.1.9,38.2227698
2018.1.10,38.95431556
2018.1.11,38.43174991
2018.1.12,37.06058661
2018.1.13,36.61972608
2018.1.14,36.8289691
2018.1.15,38.11378726
2018.1.16,40.14193984
2018.1.17,39.2577674
2018.1.18,38.3353188
2018.1.19,38.54804805
2018.1.20,38.73904649
2018.1.21,39.12459417
2018.1.22,38.87969572
2018.1.23,39.0169693
2018.1.24,38.80995015
2018.1.25,38.64138103
2018.1.26,38.93726364
2018.1.27,38.82189
2018.1.28,37.66754101
2018.1.29,37.81051527
2018.1.30,38.25034691
2018.1.31,37.63826974
2018.2.1,38.13095314
2018.2.2,39.1477544
2018.2.3,38.47312448
2018.2.4,39.23288409
2018.2.5,40.10778892
2018.2.6,39.33573224
2018.2.7,40.11692956
2018.2.8,39.22160092
2018.2.9,38.75014847
2018.2.10,38.61319815
2018.2.11,38.65287447
2018.2.12,39.15320348
2018.2.13,38.92459957
2018.2.14,38.71435062
2018.2.15,39.92534982
2018.2.16,39.61016134
2018.2.17,40.75653624
2018.2.18,41.10675124
2018.2.19,41.88721463
2018.2.20,43.67975272
2018.2.21,43.58616091
2018.2.22,43.41392078
2018.2.23,42.82232572
2018.2.24,42.5168949
2018.2.25,42.00838224
2018.2.26,42.91924227
2018.2.27,43.40052326
2018.2.28,43.74528056
2018.3.1,44.2986985
2018.3.2,44.97212933
2018.3.3,45.97339777
2018.3.4,45.33239962
2018.3.5,45.88593115
2018.3.6,45.50530098
2018.3.7,45.54199171
2018.3.8,45.84483382
2018.3.9,45.04112214
2018.3.10,45.25507174
2018.3.11,45.59177039
2018.3.12,45.6678467
2018.3.13,45.90227217
2018.3.14,46.26731376
2018.3.15,46.55885236
2018.3.16,46.83709259
2018.3.17,47.58255993
2018.3.18,48.3644978
2018.3.19,47.6414776
2018.3.20,47.99744996
2018.3.21,48.09012164
2018.3.22,48.32651466
2018.3.23,48.73729558
2018.3.24,48.455342
2018.3.25,48.16414953
2018.3.26,49.01732288
2018.3.27,49.33281569
2018.3.28,49.69195574
2018.3.29,50.31056311
2018.3.30,49.33562992
2018.3.31,49.65910105
2018.4.1,49.62463165
2018.4.2,49.64132237
2018.4.3,48.8281978
2018.4.4,49.24469495
2018.4.5,49.00745694
2018.4.6,49.21451965
2018.4.7,49.42430221
2018.4.8,49.04200256
2018.4.9,48.56476584
2018.4.10,48.18412963
2018.4.11,47.0259179
2018.4.12,46.89789746
2018.4.13,46.87350558
2018.4.14,46.90726777
2018.4.15,46.25444122
2018.4.16,46.09772022
2018.4.17,45.81649557
2018.4.18,44.63720942
2018.4.19,43.31329795
2018.4.20,42.43170632
2018.4.21,43.3850472
2018.4.22,42.67976769
2018.4.23,41.74608343
2018.4.24,41.88384942
2018.4.25,42.82246282
2018.4.26,42.01403736
2018.4.27,41.86892644
2018.4.28,41.15113305
2018.4.29,40.51481611
2018.4.30,41.30558472
2018.5.1,40.60374312
2018.5.2,40.22482093
2018.5.3,40.33060281
2018.5.4,40.31873553
2018.5.5,39.72377255
2018.5.6,39.86312689
2018.5.7,40.21786657
2018.5.8,39.96294502
2018.5.9,40.35565983
2018.5.10,40.80536177
2018.5.11,41.34374833
2018.5.12,41.07611662
2018.5.13,40.35896548
2018.5.14,40.69443307
2018.5.15,41.08278097
2018.5.16,40.93509189
2018.5.17,41.46483053
2018.5.18,41.22278203
2018.5.19,41.34228112
2018.5.20,41.0592823
2018.5.21,41.51658177
2018.5.22,42.24441549
2018.5.23,43.08026672
2018.5.24,41.98263934
2018.5.25,42.47975722
2018.5.26,42.15929324
2018.5.27,42.57988678
2018.5.28,43.98459704
2018.5.29,42.75060652
2018.5.30,42.86087289
2018.5.31,42.03419537
2018.6.1,42.02832037
2018.6.2,41.37731599
2018.6.3,40.76367827
2018.6.4,41.26146564
2018.6.5,40.95848566
2018.6.6,41.22448069
2018.6.7,41.30771967
2018.6.8,41.53370574
2018.6.9,41.4994556
2018.6.10,42.2227748
2018.6.11,42.17775298
2018.6.12,43.01155695
2018.6.13,43.06784083
2018.6.14,42.50849548
2018.6.15,42.91737754
2018.6.16,43.04072752
2018.6.17,43.04008541
2018.6.18,43.21600962
2018.6.19,42.84055014
2018.6.20,43.15663434
2018.6.21,43.34082201
2018.6.22,44.05522672
2018.6.23,44.08061045
2018.6.24,44.96199097
2018.6.25,44.86773425
2018.6.26,45.8836742
2018.6.27,45.38902002
2018.6.28,45.69938594
2018.6.29,46.0747495
2018.6.30,45.73035188
2018.7.1,45.56033744
2018.7.2,44.97672224
2018.7.3,45.26020692
2018.7.4,45.13323706
2018.7.5,45.32620871
2018.7.6,45.68071722
2018.7.7,45.54941295
2018.7.8,45.57105429
2018.7.9,46.24059814
2018.7.10,46.70082184
2018.7.11,46.46610044
2018.7.12,46.73801674
2018.7.13,46.32786968
2018.7.14,46.40404959
2018.7.15,45.95743327
2018.7.16,45.56912131
2018.7.17,46.37489973
2018.7.18,47.09215266
2018.7.19,47.79062504
2018.7.20,48.98730622
2018.7.21,48.55955057
2018.7.22,48.80594431
2018.7.23,50.11023193
2018.7.24,50.77666601
2018.7.25,50.16403811
2018.7.26,50.17313341
2018.7.27,50.58206967
2018.7.28,50.66003883
2018.7.29,50.7773241
2018.7.30,51.34085015
2018.7.31,51.27361116
2018.8.1,51.19670921
2018.8.2,51.81904932
2018.8.3,51.06288729
2018.8.4,50.55179662
2018.8.5,50.22805084
2018.8.6,50.39631379
2018.8.7,51.19699331
2018.8.8,51.97059378
2018.8.9,52.00710259
2018.8.10,52.34413608
2018.8.11,53.84134429
2018.8.12,54.0433766
2018.8.13,56.08579313
2018.8.14,56.45054173
2018.8.15,56.44931725
2018.8.16,56.0186285
2018.8.17,53.46093222
2018.8.18,54.80663496
2018.8.19,54.53387099
2018.8.20,55.83954431
2018.8.21,55.66631615
2018.8.22,56.22493782
2018.8.23,56.12185719
2018.8.24,56.33972037
2018.8.25,56.49586661
2018.8.26,56.60575928
2018.8.27,55.83940654
2018.8.28,55.50969878
2018.8.29,55.92058362
2018.8.30,56.16229038
2018.8.31,56.07171814
2018.9.1,55.31268545
2018.9.2,55.70025584
2018.9.3,55.89725856
2018.9.4,56.16107686
2018.9.5,58.81383193
2018.9.6,57.63244013
2018.9.7,58.31343492
2018.9.8,59.9640542
2018.9.9,59.81391169
2018.9.10,59.8511123
2018.9.11,60.78131863
2018.9.12,60.89584729
2018.9.13,59.07012991
2018.9.14,59.32661722
2018.9.15,58.6475617
2018.9.16,58.6411449
2018.9.17,60.54848355
2018.9.18,59.06544547
2018.9.19,58.8816702
2018.9.20,56.16556057
2018.9.21,53.31205231
2018.9.22,53.82043668
2018.9.23,53.2824278
2018.9.24,55.21806782
2018.9.25,55.40599323
2018.9.26,55.41011274
2018.9.27,53.84810241
2018.9.28,54.41159429
2018.9.29,53.82960715
2018.9.30,53.65881086
2018.10.1,53.83684072
2018.10.2,54.71278578
2018.10.3,55.00681243
2018.10.4,54.76410458
2018.10.5,54.59044408
2018.10.6,55.64234694
2018.10.7,55.56745394
2018.10.8,55.29796765
2018.10.9,55.58632237
2018.10.10,55.73656579
2018.10.11,58.22925251
2018.10.12,57.45602843
2018.10.13,57.18816217
2018.10.14,57.78191553
2018.10.15,57.36569923
2018.10.16,56.85902295
2018.10.17,56.77255343
2018.10.18,57.09910318
2018.10.19,56.96632215
2018.10.20,56.80224179
2018.10.21,56.8594324
2018.10.22,56.84054207
2018.10.23,56.77704827
2018.10.24,56.95513729
2018.10.25,56.97246605
2018.10.26,56.95724191
2018.10.27,57.13317117
2018.10.28,56.9077268
2018.10.29,57.42100965
2018.10.30,57.20037684
2018.10.31,57.06828107
2018.11.1,57.04339957
2018.11.2,56.63952995
2018.11.3,56.6264204
2018.11.4,55.71680408
2018.11.5,55.43872398
2018.11.6,54.06597122
2018.11.7,54.72079175
2018.11.8,55.40596766
2018.11.9,55.48389762
2018.11.10,55.25669387
2018.11.11,55.43746146
2018.11.12,55.39462749
2018.11.13,55.74304509
2018.11.14,55.92028071
2018.11.15,55.75928647
2018.11.16,56.22965838
2018.11.17,55.96249865
2018.11.18,55.72528766
2018.11.19,55.75707749
2018.11.20,56.21018732
2018.11.21,55.98442905
2018.11.22,56.14469715
2018.11.23,56.84156896
2018.11.24,56.23461262
2018.11.25,56.70827785
2018.11.26,56.74630791
2018.11.27,56.75147613
2018.11.28,57.01424221
2018.11.29,57.67539881
2018.11.30,57.45703786
2018.12.1,57.74705255
2018.12.2,57.72047087
2018.12.3,57.78625733
2018.12.4,57.96646011
2018.12.5,58.39319612
2018.12.6,59.43079402
2018.12.7,58.85823501
2018.12.8,59.08299128
2018.12.9,59.23432731
2018.12.10,59.38891353
2018.12.11,59.35716004
2018.12.12,59.36714538
2018.12.13,59.16063965
2018.12.14,59.40345153
2018.12.15,59.41709519
2018.12.16,59.16682894
2018.12.17,58.50479519
2018.12.18,57.87292647
2018.12.19,58.05806684
2018.12.20,57.4808807
2018.12.21,57.13888796
2018.12.22,57.06787413
2018.12.23,55.75104063
2018.12.24,55.09508985
2018.12.25,55.28162229
2018.12.26,55.34361203
2018.12.27,55.882542
2018.12.28,54.70150513
2018.12.29,54.57987204
2018.12.30,54.58704791
2018.12.31,55.00559096
2019.1.1,54.63501441
2019.1.2,53.91844892
2019.1.3,54.32338803
2019.1.4,54.07419341
2019.1.5,53.98568479
2019.1.6,54.50322365
2019.1.7,54.79971296
2019.1.8,54.58304459
2019.1.9,54.35340549
2019.1.10,55.20906812
2019.1.11,55.37574352
2019.1.12,55.27938665
2019.1.13,55.98889822
2019.1.14,55.17091326
2019.1.15,55.55532766
2019.1.16,55.27659162
2019.1.17,55.27176117
2019.1.18,55.5124943
2019.1.19,55.50253304
2019.1.20,55.42016032
2019.1.21,55.40616409
2019.1.22,55.35043417
2019.1.23,55.38327138
2019.1.24,55.4058284
2019.1.25,55.50891614
2019.1.26,55.5493971
2019.1.27,55.89793973
2019.1.28,56.5897818
2019.1.29,56.64746947
2019.1.30,55.72886062
2019.1.31,56.1978917
2019.2.1,56.34800779
2019.2.2,56.06195017
2019.2.3,56.29322508
2019.2.4,56.29243385
2019.2.5,56.38427337
2019.2.6,56.49693643
2019.2.7,56.30390148
2019.2.8,55.67171461
2019.2.9,55.63984719
2019.2.10,55.24130733
2019.2.11,55.57723266
2019.2.12,55.32560212
2019.2.13,55.37590961
2019.2.14,55.62827569
2019.2.15,55.41330224
2019.2.16,55.4489929
2019.2.17,54.9580311
2019.2.18,54.60576362
2019.2.19,54.64236344
2019.2.20,54.18943813
2019.2.21,54.67505431
2019.2.22,54.59398134
2019.2.23,54.22917131
2019.2.24,55.22350903
2019.2.25,54.53170957
2019.2.26,54.75442927
2019.2.27,54.98269561
2019.2.28,54.81972531
2019.3.1,54.68657351
2019.3.2,54.86116191
2019.3.3,54.96661693
2019.3.4,55.28496
2019.3.5,54.4453839
2019.3.6,54.3288174
2019.3.7,54.28805737
2019.3.8,54.71295151
2019.3.9,54.49855499
2019.3.10,54.41309248
2019.3.11,54.63634295
2019.3.12,54.20893815
2019.3.13,54.23225245
2019.3.14,54.06574738
2019.3.15,53.78445678
2019.3.16,53.67193932
2019.3.17,53.80312798
2019.3.18,53.89979695
2019.3.19,53.7988479
2019.3.20,53.80074714
2019.3.21,53.97846208
2019.3.22,53.78997625
2019.3.23,53.49225506
2019.3.24,53.57466371
2019.3.25,53.70131871
2019.3.26,53.72802051
2019.3.27,53.2563804
2019.3.28,53.34113823
2019.3.29,53.23317416
2019.3.30,53.32695743
2019.3.31,53.19639704
2019.4.1,53.20010762
2019.4.2,53.67149557
2019.4.3,53.87459636
2019.4.4,53.99155074
2019.4.5,53.2264791
2019.4.6,53.39659075
2019.4.7,53.34658039
2019.4.8,53.83059835
2019.4.9,53.97044664
2019.4.10,54.12804654
2019.4.11,54.83305289
2019.4.12,54.92602817
2019.4.13,54.90813282
2019.4.14,54.60762375
2019.4.15,54.89969015
2019.4.16,55.02997679
2019.4.17,55.07581692
2019.4.18,54.71440386
2019.4.19,54.72297823
2019.4.20,54.96624505
2019.4.21,55.51249181
2019.4.22,55.71296188
2019.4.23,56.78950908
2019.4.24,57.2962116
2019.4.25,57.38547374
2019.4.26,57.19365019
2019.4.27,57.23156854
2019.4.28,57.43288552
2019.4.29,57.85229928
2019.4.30,56.77661826
2019.5.1,57.24435032
2019.5.2,57.54708011
2019.5.3,57.85664052
2019.5.4,58.68331739
2019.5.5,58.63506842
2019.5.6,58.15668394
2019.5.7,58.9669511
2019.5.8,59.48098276
2019.5.9,60.7640252
2019.5.10,61.18806577
2019.5.11,61.59492407
2019.5.12,61.48402083
2019.5.13,63.10024302
2019.5.14,61.25622931
2019.5.15,59.12147746
2019.5.16,58.57781572
2019.5.17,58.56113468
2019.5.18,58.82539714
2019.5.19,59.35948321
2019.5.20,59.50742767
2019.5.21,58.94415389
2019.5.22,59.20108861
2019.5.23,59.54840196
2019.5.24,59.33108372
2019.5.25,59.44346054
2019.5.26,60.08399218
2019.5.27,59.25939628
2019.5.28,58.87496077
2019.5.29,58.31659385
2019.5.30,58.64071095
2019.5.31,58.00253858
2019.6.1,58.51195331
2019.6.2,58.49059477
2019.6.3,58.32382167
2019.6.4,58.03875133
2019.6.5,57.96214113
2019.6.6,57.6260388
2019.6.7,57.83595437
2019.6.8,58.0630499
2019.6.9,58.33363811
2019.6.10,58.06260947
2019.6.11,57.91825353
2019.6.12,57.72985778
2019.6.13,58.0660519
2019.6.14,59.11442712
2019.6.15,59.14179619
2019.6.16,59.28083484
2019.6.17,59.58676806
2019.6.18,59.68693488
2019.6.19,59.51150398
2019.6.20,60.24457055
2019.6.21,60.90548619
2019.6.22,60.87642915
2019.6.23,61.50367648
2019.6.24,61.6857996
2019.6.25,63.01861748
2019.6.26,65.22592667
2019.6.27,64.52539537
2019.6.28,65.78201711
2019.6.29,64.2393641
2019.6.30,63.83880726
2019.7.1,62.78049735
2019.7.2,63.9321384
2019.7.3,65.58749803
2019.7.4,64.89136608
2019.7.5,64.475978
2019.7.6,64.8331089
2019.7.7,64.5550316
2019.7.8,65.90025845
2019.7.9,66.69524808
2019.7.10,67.34401409
2019.7.11,67.60786807
2019.7.12,67.65894301
2019.7.13,67.56287054
2019.7.14,67.98807452
2019.7.15,69.13752182
2019.7.16,68.69415283
2019.7.17,67.9791333
2019.7.18,68.24236385
2019.7.19,68.17440407
2019.7.20,67.74818381
2019.7.21,67.60777892
2019.7.22,67.6860429
2019.7.23,67.33786528
2019.7.24,66.71904496
2019.7.25,67.04515584
2019.7.26,66.57434464
2019.7.27,66.81951973
2019.7.28,66.74400179
2019.7.29,66.58405258
2019.7.30,66.56898459
2019.7.31,67.07399216
2019.8.1,67.87870153
2019.8.2,68.30632422
2019.8.3,68.61820896
2019.8.4,68.94915476
2019.8.5,69.98779305
2019.8.6,70.03574712
2019.8.7,70.85092396
2019.8.8,70.80579635
2019.8.9,72.11322182
2019.8.10,71.10234786
2019.8.11,70.79238172
2019.8.12,70.90388174
2019.8.13,70.14064663
2019.8.14,70.49492842
2019.8.15,70.7685906
2019.8.16,71.18636666
2019.8.17,70.87063481
2019.8.18,70.22892422
2019.8.19,70.97092409
2019.8.20,71.15628181
2019.8.21,70.76499088
2019.8.22,70.41893917
2019.8.23,70.58241815
2019.8.24,70.36542748
2019.8.25,70.64986482
2019.8.26,70.96725304
2019.8.27,70.73107541
2019.8.28,71.13484684
2019.8.29,70.92057507
2019.8.30,71.08147999
2019.8.31,71.0192675
2019.9.1,71.33282952
2019.9.2,71.97583267
2019.9.3,72.3312752
2019.9.4,72.63555978
2019.9.5,72.79258387
2019.9.6,72.71197947
2019.9.7,72.1383392
2019.9.8,71.6995049
2019.9.9,71.61418777
2019.9.10,71.35900733
2019.9.11,71.76457545
2019.9.12,72.18022454
2019.9.13,71.99766576
2019.9.14,71.49288457
2019.9.15,71.42738974
2019.9.16,70.99128388
2019.9.17,69.86767559
2019.9.18,69.05162337
2019.9.19,69.19700237
2019.9.20,69.34920418
2019.9.21,69.22106133
2019.9.22,69.8483653
2019.9.23,70.04712498
2019.9.24,71.01286055
2019.9.25,70.17646621
2019.9.26,69.81098764
2019.9.27,69.62300143
2019.9.28,69.65804259
2019.9.29,69.65464536
2019.9.30,69.2073411
2019.10.1,69.66068746
2019.10.2,69.42902894
2019.10.3,69.4097771
2019.10.4,69.07526518
2019.10.5,68.96453749
2019.10.6,68.71367111
2019.10.7,68.39362412
2019.10.8,68.28797694
2019.10.9,68.42343703
2019.10.10,68.81189157
2019.10.11,68.76161174
2019.10.12,68.74654963
2019.10.13,68.44149965
2019.10.14,67.9932878
2019.10.15,68.136261
2019.10.16,68.22107123
2019.10.17,67.82744754
2019.10.18,67.98639563
2019.10.19,68.0308219
2019.10.20,68.35129265
2019.10.21,68.23727809
2019.10.22,68.0688288
2019.10.23,67.73920391
2019.10.24,67.5212608
2019.10.25,68.52234702
2019.10.26,70.0610023
2019.10.27,69.99002626
2019.10.28,69.47271566
2019.10.29,69.20755887
2019.10.30,69.17902639
2019.10.31,69.2153888
2019.11.1,69.34544655
2019.11.2,69.29767435
2019.11.3,69.2349449
2019.11.4,69.1958336
2019.11.5,68.66995087
2019.11.6,68.4273842
2019.11.7,68.67980111
2019.11.8,68.29999458
2019.11.9,68.09791542
2019.11.10,68.25334407
2019.11.11,67.88336509
2019.11.12,67.95752319
2019.11.13,67.78742039
2019.11.14,67.75796171
2019.11.15,67.82648228
2019.11.16,67.76439225
2019.11.17,67.70883629
2019.11.18,67.71022951
2019.11.19,67.8045887
2019.11.20,67.9251972
2019.11.21,67.96795235
2019.11.22,68.23292928
2019.11.23,67.86585297
2019.11.24,68.11623938
2019.11.25,68.30827991
2019.11.26,68.09302388
2019.11.27,68.57956983
2019.11.28,68.45137677
2019.11.29,68.73651704
2019.11.30,68.63798209
2019.12.1,68.34673601
2019.12.2,68.35799662
2019.12.3,68.46937253
2019.12.4,68.57174593
2019.12.5,68.70554153
2019.12.6,68.88290721
2019.12.7,68.7804857
2019.12.8,68.60726776
2019.12.9,68.51758792
2019.12.10,68.52411357
2019.12.11,68.52716182
2019.12.12,68.50547963
2019.12.13,68.49258979
2019.12.14,68.4049452
2019.12.15,68.45745466
2019.12.16,68.88657374
2019.12.17,69.77278777
2019.12.18,70.16522302
2019.12.19,70.30018456
2019.12.20,70.03417765
2019.12.21,70.17203401
2019.12.22,70.56008499
2019.12.23,70.61718919
2019.12.24,70.50043908
2019.12.25,70.6124852
2019.12.26,70.53678383
2019.12.27,70.43337156
2019.12.28,70.31161232
2019.12.29,70.03372597
2019.12.30,69.92939204
2019.12.31,70.03050693
2020.1.1,69.92153784
2020.1.2,69.92036102
2020.1.3,69.95550992
2020.1.4,69.87526154
2020.1.5,69.70441601
2020.1.6,69.19134027
2020.1.7,70.40138416
2020.1.8,70.52404783
2020.1.9,70.19277316
2020.1.10,69.77884234
2020.1.11,69.65857806
2020.1.12,69.47117003
2020.1.13,69.57296183
2020.1.14,67.50179645
2020.1.15,67.65818486
2020.1.16,67.66046628
2020.1.17,67.42746993
2020.1.18,67.29617418
2020.1.19,67.4693987
2020.1.20,67.15419168
2020.1.21,67.0101606
2020.1.22,66.99196831
2020.1.23,67.4352023
2020.1.24,67.44786615
2020.1.25,67.50143821
2020.1.26,67.16030992
2020.1.27,67.34950538
2020.1.28,67.83464402
2020.1.29,67.68279109
2020.1.30,67.24577507
2020.1.31,67.49028154
2020.2.1,67.16263029
2020.2.2,66.64910361
2020.2.3,66.43601946
2020.2.4,66.11083579
2020.2.5,65.67413242
2020.2.6,65.52239011
2020.2.7,65.26195008
2020.2.8,65.02613213
2020.2.9,65.06429376
2020.2.10,64.60940762
2020.2.11,64.28042605
2020.2.12,63.45374058
2020.2.13,63.05474156
2020.2.14,62.39876106
2020.2.15,63.31088305
2020.2.16,64.21960369
2020.2.17,63.55220782
2020.2.18,63.64650498
2020.2.19,64.1202193
2020.2.20,64.2370005
2020.2.21,64.06088579
2020.2.22,64.15509243
2020.2.23,63.84054861
2020.2.24,64.19026471
2020.2.25,64.85647255
2020.2.26,65.64016084
2020.2.27,65.27003029
2020.2.28,65.30661211
2020.2.29,65.45178888
2020.3.1,65.48349069
2020.3.2,65.07647948
2020.3.3,65.13627347
2020.3.4,65.14723006
2020.3.5,65.37784613
2020.3.6,64.75631935
2020.3.7,65.03096166
2020.3.8,66.13801243
2020.3.9,65.62501464
2020.3.10,65.29415473
2020.3.11,65.95776428
2020.3.12,65.13611668
2020.3.13,65.40389095
2020.3.14,64.69591369
2020.3.15,65.54969117
2020.3.16,66.00604731
2020.3.17,66.10711838
2020.3.18,66.03978594
2020.3.19,66.26745973
2020.3.20,66.81906381
2020.3.21,66.70487337
2020.3.22,66.89239464
2020.3.23,67.39533698
2020.3.24,67.77428335
2020.3.25,67.86031726
2020.3.26,67.2774799
2020.3.27,67.07484349
2020.3.28,66.64992798
2020.3.29,66.41775336
2020.3.30,66.95015786
2020.3.31,66.31317766
2020.4.1,66.78586123
2020.4.2,66.69721325
2020.4.3,66.31419905
2020.4.4,66.4319206
2020.4.5,66.41929837
2020.4.6,65.49501745
2020.4.7,65.67893565
2020.4.8,65.07627619
2020.4.9,65.15752413
2020.4.10,65.31996679
2020.4.11,65.31740538
2020.4.12,65.30474296
2020.4.13,65.39956657
2020.4.14,65.35115051
2020.4.15,65.01180624
2020.4.16,64.84435869
2020.4.17,64.76938092
2020.4.18,64.25949275
2020.4.19,64.52218957
2020.4.20,64.56848354
2020.4.21,64.49595421
2020.4.22,64.40139635
2020.4.23,65.3112038
2020.4.24,64.84775735
2020.4.25,64.5776567
2020.4.26,64.7223201
2020.4.27,64.94001664
2020.4.28,64.51313848
2020.4.29,65.85379966
2020.4.30,66.37946404
2020.5.1,66.43093191
2020.5.2,66.44436822
2020.5.3,66.73755544
2020.5.4,66.8488642
2020.5.5,67.18778248
2020.5.6,68.01273198
2020.5.7,68.92273799
2020.5.8,68.41468041
2020.5.9,67.94166881
2020.5.10,67.97602689
2020.5.11,67.63599284
2020.5.12,67.77014958
2020.5.13,68.26276333
2020.5.14,68.4288986
2020.5.15,67.9862234
2020.5.16,67.80763187
2020.5.17,68.12708778
2020.5.18,67.7317403
2020.5.19,67.91623103
2020.5.20,67.65363299
2020.5.21,67.47265618
2020.5.22,66.98135188
2020.5.23,67.09794453
2020.5.24,66.64559544
2020.5.25,66.59974929
2020.5.26,66.64551761
2020.5.27,67.05674667
2020.5.28,67.21093867
2020.5.29,66.87280394
2020.5.30,66.19061333
2020.5.31,66.39057252
2020.6.1,65.12971414
2020.6.2,64.18296333
2020.6.3,64.06810055
2020.6.4,64.28001556
2020.6.5,64.07930712
2020.6.6,64.04787112
2020.6.7,64.15799933
2020.6.8,64.178612
2020.6.9,64.23478349
2020.6.10,64.25785178
2020.6.11,64.42697658
2020.6.12,64.27178981
2020.6.13,64.22612926
2020.6.14,64.37617198
2020.6.15,64.44094119
2020.6.16,64.40990646
2020.6.17,64.24800675
2020.6.18,64.2979701
2020.6.19,64.32585823
2020.6.20,64.3777535
2020.6.21,64.33482902
2020.6.22,64.31721718
2020.6.23,64.15243598
2020.6.24,64.00217823
2020.6.25,64.04296726
2020.6.26,64.02096118
2020.6.27,64.48580929
2020.6.28,64.34472394
2020.6.29,64.22273151
2020.6.30,64.25374513
2020.7.1,64.07996542
2020.7.2,64.04410589
2020.7.3,63.88387384
2020.7.4,63.69103375
2020.7.5,63.66959683
2020.7.6,63.06760142
2020.7.7,62.8013497
2020.7.8,62.37352946
2020.7.9,62.11297208
2020.7.10,62.39499912
2020.7.11,62.11572759
2020.7.12,61.99035936
2020.7.13,62.57981965
2020.7.14,62.40915956
2020.7.15,62.29964831
2020.7.16,62.05781445
2020.7.17,62.07785692
2020.7.18,61.87793521
2020.7.19,61.76748326
2020.7.20,62.10298402
2020.7.21,62.01520701
2020.7.22,61.45020778
2020.7.23,61.19541541
2020.7.24,61.18217641
2020.7.25,60.29354486
2020.7.26,60.76287202
2020.7.27,62.60787363
2020.7.28,62.16138978
2020.7.29,62.47854514
2020.7.30,61.93443123
2020.7.31,61.92855259
2020.8.1,61.07833891
2020.8.2,60.64618056
2020.8.3,60.14213046
2020.8.4,59.98128216
2020.8.5,60.71933937
2020.8.6,60.66534554
2020.8.7,60.90638106
2020.8.8,60.43551727
2020.8.9,60.37441989
2020.8.10,60.34259419
2020.8.11,60.40402788
2020.8.12,60.0834383
2020.8.13,59.44654949
2020.8.14,58.94872725
2020.8.15,58.91238747
2020.8.16,58.63328885
2020.8.17,59.35108674
2020.8.18,59.2716931
2020.8.19,59.70744838
2020.8.20,59.2494873
2020.8.21,59.92976148
2020.8.22,59.54594474
2020.8.23,59.61321564
2020.8.24,59.22484388
2020.8.25,59.60030343
2020.8.26,59.65417684
2020.8.27,59.90796371
2020.8.28,59.78065887
2020.8.29,59.3880863
2020.8.30,58.93497887
2020.8.31,58.33147119
2020.9.1,57.65040341
2020.9.2,58.05585981
2020.9.3,58.46427633
2020.9.4,58.26628902
2020.9.5,59.70835066
2020.9.6,58.89146199
2020.9.7,59.09593736
2020.9.8,59.10329739
2020.9.9,58.69101804
2020.9.10,58.33291572
2020.9.11,58.17009881
2020.9.12,57.65942802
2020.9.13,58.18171798
2020.9.14,58.53779616
2020.9.15,59.35840902
2020.9.16,59.65196773
2020.9.17,58.89216403
2020.9.18,59.05018281
2020.9.19,59.24915133
2020.9.20,59.55393039
2020.9.21,60.01784185
2020.9.22,59.91549192
2020.9.23,60.47286898
2020.9.24,60.06280207
2020.9.25,59.51577872
2020.9.26,59.44559639
2020.9.27,59.30600001
2020.9.28,59.27144262
2020.9.29,59.26294669
2020.9.30,59.11371042
2020.10.1,59.16377594
2020.10.2,59.60475694
2020.10.3,59.47138916
2020.10.4,59.37316066
2020.10.5,59.59631347
2020.10.6,60.08408784
2020.10.7,60.01491766
2020.10.8,60.09027519
2020.10.9,59.66547439
2020.10.10,59.93229395
2020.10.11,59.86960914
2020.10.12,59.82355283
2020.10.13,59.73320229
2020.10.14,59.68241482
2020.10.15,60.03014562
2020.10.16,60.22999516
2020.10.17,60.221013
2020.10.18,60.14341451
2020.10.19,60.68680756
2020.10.20,61.63968507
2020.10.21,62.37180736
2020.10.22,61.84477261
2020.10.23,61.80789049
2020.10.24,61.80346889
2020.10.25,61.81255949
2020.10.26,62.31922537
2020.10.27,62.99046161
2020.10.28,62.9818086
2020.10.29,63.56579196
2020.10.30,63.88987418
2020.10.31,63.94835367
2020.11.1,63.57294004
2020.11.2,63.96377977
2020.11.3,64.88936991
2020.11.4,64.79697923
2020.11.5,66.46282307
2020.11.6,65.04074661
2020.11.7,64.77816029
2020.11.8,65.05707695
2020.11.9,64.96423982
2020.11.10,64.69467119
2020.11.11,64.98911089
2020.11.12,65.90752435
2020.11.13,65.22571243
2020.11.14,65.28540824
2020.11.15,65.54693935
2020.11.16,65.93392017
2020.11.17,66.52801886
2020.11.18,67.06067753
2020.11.19,67.08180238
2020.11.20,66.98131131
2020.11.21,64.79142221
2020.11.22,64.74303935
2020.11.23,62.36427407
2020.11.24,62.44525215
2020.11.25,63.11232532
2020.11.26,63.24813387
2020.11.27,63.01960025
2020.11.28,62.78305221
2020.11.29,62.76096645
2020.11.30,63.2722837
2020.12.1,63.38008345
2020.12.2,63.29452332
2020.12.3,63.21147866
2020.12.4,63.94223295
2020.12.5,63.54556493
2020.12.6,63.57960474
2020.12.7,63.60628901
2020.12.8,63.85698005
2020.12.9,63.47815152
2020.12.10,63.69541699
2020.12.11,64.02482066
2020.12.12,64.44154766
2020.12.13,64.21741938
2020.12.14,64.42657902
2020.12.15,64.70001569
2020.12.16,65.08722336
2020.12.17,66.43741525
2020.12.18,66.38963301
2020.12.19,66.8936694
2020.12.20,66.98807547
2020.12.21,67.3293007
2020.12.22,68.05215101
2020.12.23,70.08194381
2020.12.24,69.01591903
2020.12.25,69.56458588
2020.12.26,70.87841008
2020.12.27,70.20566955
2020.12.28,69.8951443
2020.12.29,70.1718363
2020.12.30,71.13468685
2020.12.31,70.98053083
2021.1.1,71.34845528
2021.1.2,72.55956979
2021.1.3,70.34824242
2021.1.4,68.89298681
2021.1.5,69.2680094
2021.1.6,69.07692889
2021.1.7,70.25057764
2021.1.8,70.93324021
2021.1.9,69.45860619
2021.1.10,68.71561022
2021.1.11,69.67243447
2021.1.12,69.17170292
2021.1.13,69.53204889
2021.1.14,69.26919065
2021.1.15,68.61593053
2021.1.16,67.14400697
2021.1.17,66.81075289
2021.1.18,66.93428062
2021.1.19,65.82159779
2021.1.20,65.23782912
2021.1.21,65.62097845
2021.1.22,65.32969933
2021.1.23,64.3975828
2021.1.24,63.05316224
2021.1.25,63.89781865
2021.1.26,63.56690392
2021.1.27,63.74703441
2021.1.28,64.11278243
2021.1.29,64.04189201
2021.1.30,63.39215401
2021.1.31,63.08996489
2021.2.1,62.76538353
2021.2.2,62.8289638
2021.2.3,64.3128989
2021.2.4,62.1390365
2021.2.5,61.18813794
2021.2.6,61.92705515
2021.2.7,61.92314098
2021.2.8,64.25391313
2021.2.9,63.30398664
2021.2.10,61.61282329
2021.2.11,62.36670166
2021.2.12,60.84925993
2021.2.13,60.38239835
2021.2.14,61.74080653
2021.2.15,61.75142573
2021.2.16,62.26810573
2021.2.17,62.57807443
2021.2.18,61.46042762
2021.2.19,61.94503228
2021.2.20,62.41530575
2021.2.21,62.4001047
2021.2.22,62.28395399
2021.2.23,62.61683801
2021.2.24,62.19587706
2021.2.25,62.43090076
2021.2.26,62.1892123
2021.2.27,61.48043206
2021.2.28,61.72547201
2021.3.1,61.9106866
2021.3.2,61.94522064
2021.3.3,62.00449189
2021.3.4,61.48783988
2021.3.5,61.5845573
2021.3.6,61.00311284
2021.3.7,61.1053173
2021.3.8,60.93893366
2021.3.9,60.81346051
2021.3.10,61.98334335
2021.3.11,62.34179746
2021.3.12,62.71423546
2021.3.13,62.85675789
2021.3.14,62.77693823
2021.3.15,61.92017105
2021.3.16,61.80064602
2021.3.17,61.93126838
2021.3.18,61.92784568
2021.3.19,61.48675553
2021.3.20,61.60619808
2021.3.21,61.31137912
2021.3.22,60.90718065
2021.3.23,61.04654811
2021.3.24,61.41549734
2021.3.25,60.9576756
2021.3.26,60.82633914
2021.3.27,61.05615351
2021.3.28,60.99264911
2021.3.29,60.71066615
2021.3.30,60.72837517
2021.3.31,60.1919498
2021.4.1,59.67569616
2021.4.2,58.59129862
2021.4.3,58.78667827
2021.4.4,57.85123243
2021.4.5,57.32748087
2021.4.6,56.34888371
2021.4.7,57.17497021
2021.4.8,56.53403256
2021.4.9,56.46838753
2021.4.10,56.13185042
2021.4.11,55.74483811
2021.4.12,55.23978266
2021.4.13,55.38229674
2021.4.14,54.35223436
2021.4.15,53.59652147
2021.4.16,52.71821906
2021.4.17,52.94616592
2021.4.18,52.44206175
2021.4.19,52.88545743
2021.4.20,52.12598028
2021.4.21,51.62496356
2021.4.22,51.55380843
2021.4.23,51.3547286
2021.4.24,52.22060907
2021.4.25,51.27638847
2021.4.26,51.12085301
2021.4.27,50.41129432
2021.4.28,50.04522421
2021.4.29,49.367558
2021.4.30,50.17858951
2021.5.1,49.30897311
2021.5.2,49.0052904
2021.5.3,47.36225416
2021.5.4,46.77216316
2021.5.5,45.98497426
2021.5.6,45.45509834
2021.5.7,46.07265558
2021.5.8,45.75093934
2021.5.9,45.38811386
2021.5.10,45.61781762
2021.5.11,44.24031661
2021.5.12,42.92243355
2021.5.13,42.31230237
2021.5.14,40.72106247
2021.5.15,40.96602079
2021.5.16,40.81621485
2021.5.17,41.00120413
2021.5.18,40.02125689
2021.5.19,44.51390681
2021.5.20,43.33916004
2021.5.21,44.45826282
2021.5.22,46.06327491
2021.5.23,46.76066989
2021.5.24,44.33097688
2021.5.25,43.96382538
2021.5.26,42.69407833
2021.5.27,43.24575443
2021.5.28,43.78562848
2021.5.29,44.32456945
2021.5.30,43.95730234
2021.5.31,42.80057921
2021.6.1,42.65782943
2021.6.2,42.27822023
2021.6.3,42.31259613
2021.6.4,42.34558798
2021.6.5,42.02577977
2021.6.6,41.73311272
2021.6.7,41.64172961
2021.6.8,41.8283717
2021.6.9,43.52644736
2021.6.10,44.23298526
2021.6.11,45.65178029
2021.6.12,44.48962616
2021.6.13,45.45083358
2021.6.14,45.72839619
2021.6.15,45.84609076
2021.6.16,45.89016105
2021.6.17,45.59504238
2021.6.18,45.32346943
2021.6.19,45.62414791
2021.6.20,45.23985526
2021.6.21,46.9418612
2021.6.22,48.01414645
2021.6.23,47.16299556
2021.6.24,47.22937074
2021.6.25,46.89920678
2021.6.26,47.25852692
2021.6.27,47.63817907
2021.6.28,46.83189435
2021.6.29,46.84465457
2021.6.30,45.77502505
2021.7.1,46.07687047
2021.7.2,45.92265877
2021.7.3,45.92468635
2021.7.4,45.65999099
2021.7.5,45.46867012
2021.7.6,44.969442
2021.7.7,44.72150838
2021.7.8,45.61368896
2021.7.9,45.83564574
2021.7.10,45.97270932
2021.7.11,46.17076943
2021.7.12,46.13741643
2021.7.13,46.4415255
2021.7.14,46.25039689
2021.7.15,45.9666631
2021.7.16,46.45561053
2021.7.17,46.29877723
2021.7.18,46.43169074
2021.7.19,46.50952612
2021.7.20,46.59932626
2021.7.21,46.22681657
2021.7.22,45.98731319
2021.7.23,46.1303691
2021.7.24,46.11956561
2021.7.25,46.83552354
2021.7.26,47.83721395
2021.7.27,48.49589698
2021.7.28,48.68751328
2021.7.29,48.18472211
2021.7.30,48.91390778
2021.7.31,48.01847414
2021.8.1,47.05254946
2021.8.2,46.35272125
2021.8.3,46.14899859
2021.8.4,45.86860237
2021.8.5,46.01516774
2021.8.6,46.77062359
2021.8.7,46.09530659
2021.8.8,46.68520522
2021.8.9,46.99407613
2021.8.10,46.19626286
2021.8.11,45.35092536
2021.8.12,45.26039434
2021.8.13,45.1176417
2021.8.14,44.59582867
2021.8.15,44.06091757
2021.8.16,44.18852128
2021.8.17,44.4574894
2021.8.18,44.05776283
2021.8.19,43.79517875
2021.8.20,44.29266819
2021.8.21,44.33077054
2021.8.22,44.29159702
2021.8.23,43.60417082
2021.8.24,44.01409569
2021.8.25,44.09106117
2021.8.26,44.2431553
2021.8.27,43.56847296
2021.8.28,43.54592948
2021.8.29,43.73034354
2021.8.30,42.97924496
2021.8.31,42.21470329
2021.9.1,41.31550804
2021.9.2,41.50139804
2021.9.3,41.03240749
2021.9.4,40.86637616
2021.9.5,41.02838828
2021.9.6,41.21777626
2021.9.7,41.61355767
2021.9.8,40.68566452
2021.9.9,40.48703261
2021.9.10,40.65561427
2021.9.11,40.40414798
2021.9.12,40.26562866
2021.9.13,40.69550421
2021.9.14,41.04918664
2021.9.15,40.65522385
2021.9.16,40.94428755
2021.9.17,41.37411104
2021.9.18,41.37000209
2021.9.19,41.50732154
2021.9.20,41.94026444
2021.9.21,41.98925685
2021.9.22,41.08364522
2021.9.23,41.06975482
2021.9.24,41.20371975
2021.9.25,41.3660302
2021.9.26,41.43437057
2021.9.27,41.62398245
2021.9.28,41.90292353
2021.9.29,41.62669654
2021.9.30,42.00527079
2021.10.1,42.16370945
2021.10.2,41.54536947
2021.10.3,41.4512144
2021.10.4,42.169359
2021.10.5,42.92028281
2021.10.6,44.42833236
2021.10.7,43.8046077
2021.10.8,43.71380679
2021.10.9,43.75494697
2021.10.10,44.84759094
2021.10.11,45.54299621
2021.10.12,45.30475351
2021.10.13,45.18236304
2021.10.14,44.73454928
2021.10.15,46.28600655
2021.10.16,46.194612
2021.10.17,46.54005189
2021.10.18,47.07799985
2021.10.19,47.41023808
2021.10.20,46.82980632
2021.10.21,45.97257492
2021.10.22,45.23274034
2021.10.23,44.79822886
2021.10.24,44.96313463
2021.10.25,45.10185083
2021.10.26,44.26810382
2021.10.27,44.94785119
2021.10.28,44.15081372
2021.10.29,44.16013554
2021.10.30,44.44035594
2021.10.31,44.10669943
2021.11.1,43.61335558
2021.11.2,43.61105865
2021.11.3,43.22360192
2021.11.4,42.92322219
2021.11.5,42.77087432
2021.11.6,42.71308265
2021.11.7,43.05084862
2021.11.8,43.93466288
2021.11.9,43.84804365
2021.11.10,43.84810152
2021.11.11,43.24533266
2021.11.12,43.22501602
2021.11.13,43.18142686
2021.11.14,43.62883616
2021.11.15,43.34893093
2021.11.16,43.76157373
2021.11.17,43.56979998
2021.11.18,43.68706122
2021.11.19,42.66972613
2021.11.20,42.78362008
2021.11.21,42.87732017
2021.11.22,42.62029779
2021.11.23,42.32989709
2021.11.24,42.65113282
2021.11.25,42.254727
2021.11.26,42.3177232
2021.11.27,42.39330063
2021.11.28,42.81366604
2021.11.29,42.36625481
2021.11.30,41.62422685
2021.12.1,41.6674096
2021.12.2,41.62628036
2021.12.3,41.59722241
2021.12.4,40.73797752
2021.12.5,41.14702835
2021.12.6,40.97163824
2021.12.7,41.09311754
2021.12.8,40.35667552
2021.12.9,40.5557073
2021.12.10,41.39428601
2021.12.11,41.4147472
2021.12.12,41.54920493
2021.12.13,41.90075833
2021.12.14,41.89266379
2021.12.15,41.21876617
2021.12.16,41.00556919
2021.12.17,40.66884443
2021.12.18,40.36498312
2021.12.19,40.36459576
2021.12.20,40.4214323
2021.12.21,40.68206374
2021.12.22,40.50061024
2021.12.23,40.35033256
2021.12.24,40.53552977
2021.12.25,40.03153861
2021.12.26,40.07684401
2021.12.27,40.01628376
2021.12.28,40.00401177
2021.12.29,40.12886481
2021.12.30,40.17667839
2021.12.31,39.99997719
2022.1.1,40.14008986
2022.1.2,39.85475114
2022.1.3,39.64244279
2022.1.4,39.41505028
2022.1.5,39.67785585
2022.1.6,39.67576776
2022.1.7,40.13811473
2022.1.8,40.64137933
2022.1.9,40.33519337
2022.1.10,40.91046576
2022.1.11,40.37093527
2022.1.12,39.96230595
2022.1.13,39.90537252
2022.1.14,39.65459496
2022.1.15,39.50252299
2022.1.16,39.35723353
2022.1.17,39.88958389
2022.1.18,40.2197232
2022.1.19,40.39298726
2022.1.20,40.51271274
2022.1.21,40.9864963
2022.1.22,41.50193555
2022.1.23,41.05897559
2022.1.24,42.15770809
2022.1.25,42.08374627
2022.1.26,42.18821584
2022.1.27,42.65218981
2022.1.28,42.47409466
2022.1.29,42.32081086
2022.1.30,42.38277328
2022.1.31,42.19668267
2022.2.1,42.20378806
2022.2.2,41.50114413
2022.2.3,41.51390617
2022.2.4,42.31280851
2022.2.5,41.85630931
2022.2.6,41.99115105
2022.2.7,41.88136392
2022.2.8,42.26142281
2022.2.9,41.87442891
2022.2.10,42.37692138
2022.2.11,42.80040613
2022.2.12,42.66716973
2022.2.13,43.01412726
2022.2.14,42.98316146
2022.2.15,42.57952471
2022.2.16,42.48940821
2022.2.17,42.13462097
2022.2.18,42.39307673
2022.2.19,42.41871512
2022.2.20,42.4832995
2022.2.21,42.56010811
2022.2.22,42.70414856
2022.2.23,42.44914682
2022.2.24,43.20002451
2022.2.25,42.49057428
2022.2.26,42.31010961
2022.2.27,42.57533829
2022.2.28,43.62102161
2022.3.1,44.04320556
2022.3.2,43.98050881
2022.3.3,43.76374655
2022.3.4,43.23948882
2022.3.5,43.00083811
2022.3.6,43.27520614
2022.3.7,43.39371593
2022.3.8,43.36540469
2022.3.9,44.00669729
2022.3.10,43.3244635
2022.3.11,43.32339268
2022.3.12,43.31293171
2022.3.13,43.18138845
2022.3.14,43.79155077
2022.3.15,43.52880462
2022.3.16,43.56117961
2022.3.17,43.30163026
2022.3.18,43.16329533
2022.3.19,43.02918351
2022.3.20,43.04546713
2022.3.21,42.57106413
2022.3.22,42.85489317
2022.3.23,42.59027961
2022.3.24,42.66079391
2022.3.25,43.013616
2022.3.26,42.69758622
2022.3.27,42.97763655
2022.3.28,43.08955434
2022.3.29,42.77458996
2022.3.30,42.40247389
2022.3.31,42.22051634
2022.4.1,41.82751234
2022.4.2,41.59887115
2022.4.3,41.44026535
2022.4.4,41.73897682
2022.4.5,41.62124965
2022.4.6,42.0885982
2022.4.7,41.69908305
2022.4.8,41.71895851
2022.4.9,41.57419144
2022.4.10,41.67596659
2022.4.11,41.75992132
2022.4.12,41.55825372
2022.4.13,41.64266973
2022.4.14,41.51397559
2022.4.15,41.57323546
2022.4.16,41.39356781
2022.4.17,41.57098011
2022.4.18,41.71636672
2022.4.19,41.70167162
2022.4.20,41.80815416
2022.4.21,41.91671226
2022.4.22,41.543585
2022.4.23,41.60190636
2022.4.24,41.75493517
2022.4.25,41.90816003
2022.4.26,41.88434173
2022.4.27,42.06046702
2022.4.28,42.17936036
2022.4.29,42.28014911
2022.4.30,42.76425557
2022.5.1,42.57886966
2022.5.2,42.56202373
2022.5.3,42.39116751
2022.5.4,42.16727441
2022.5.5,41.81354693
2022.5.6,41.69407915
2022.5.7,41.91235052
2022.5.8,41.60511534
2022.5.9,41.98026574
2022.5.10,41.82684095
2022.5.11,43.58090358
2022.5.12,44.43550812
2022.5.13,44.3811669
2022.5.14,44.61648802
2022.5.15,44.63413684
2022.5.16,44.85043236
2022.5.17,44.55279704
2022.5.18,44.91432401
2022.5.19,45.33879725
2022.5.20,44.97789944
2022.5.21,44.87622683
2022.5.22,45.05728917
2022.5.23,44.79747158
2022.5.24,45.03603378
2022.5.25,45.24275877
2022.5.26,46.47413252
2022.5.27,46.55394791
2022.5.28,46.21074316
2022.5.29,46.38578066
2022.5.30,46.47643085
2022.5.31,46.78723093
2022.6.1,46.60565163
2022.6.2,46.76357955
2022.6.3,46.88856798
2022.6.4,46.79107554
2022.6.5,46.90713014
2022.6.6,47.52060381
2022.6.7,47.73786051
2022.6.8,47.26077798
2022.6.9,47.14919526
2022.6.10,47.53280238
2022.6.11,48.35723544
2022.6.12,48.02952324
2022.6.13,46.33199014
2022.6.14,45.79192928
2022.6.15,45.36709486
2022.6.16,45.12324357
2022.6.17,44.78442983
2022.6.18,44.1298451
2022.6.19,44.45625752
2022.6.20,44.23399576
2022.6.21,44.11834466
2022.6.22,44.17106714
2022.6.23,44.2451242
2022.6.24,43.3505979
2022.6.25,43.35880203
2022.6.26,43.54957821
2022.6.27,43.30808813
2022.6.28,43.59948203
2022.6.29,43.80898674
2022.6.30,43.95480343
2022.7.1,43.38177321
2022.7.2,43.23764151
2022.7.3,43.25697312
2022.7.4,43.41009161
2022.7.5,43.61789396
2022.7.6,43.50499602
2022.7.7,44.07674003
2022.7.8,44.32840358
2022.7.9,44.09793133
2022.7.10,43.94470643
2022.7.11,43.89831837
2022.7.12,43.78663311
2022.7.13,43.89906086
2022.7.14,43.51111283
2022.7.15,43.49285455
2022.7.16,42.79033104
2022.7.17,42.62723874
2022.7.18,42.27286175
2022.7.19,43.1857243
2022.7.20,43.46834418
2022.7.21,42.92696713
2022.7.22,42.86295828
2022.7.23,42.45440555
2022.7.24,42.29424746
2022.7.25,42.56044885
2022.7.26,42.43867618
2022.7.27,42.58451701
2022.7.28,42.59343898
2022.7.29,42.07504393
2022.7.30,42.20787792
2022.7.31,42.01281669
2022.8.1,42.34301296
2022.8.2,42.2326824
2022.8.3,41.93238312
2022.8.4,41.54814776
2022.8.5,41.2719321
2022.8.6,41.3844173
2022.8.7,41.40784983
2022.8.8,41.38887283
2022.8.9,41.3662669
2022.8.10,40.88766732
2022.8.11,40.87746265
2022.8.12,40.9275274
2022.8.13,40.63894485
2022.8.14,40.7630096
2022.8.15,41.13413236
2022.8.16,40.72551882
2022.8.17,40.92776303
2022.8.18,41.05068801
2022.8.19,40.63552462
2022.8.20,41.10337298
2022.8.21,41.08251446
2022.8.22,40.90912648
2022.8.23,40.72707661
2022.8.24,40.43916013
2022.8.25,40.4150529
2022.8.26,40.64866757
2022.8.27,40.52504813
2022.8.28,40.52399204
2022.8.29,40.28203333
2022.8.30,40.01187202
2022.8.31,40.17278353
2022.9.1,39.94316462
2022.9.2,39.89282145
2022.9.3,39.81494655
2022.9.4,39.74995701
2022.9.5,39.276058
2022.9.6,39.30538782
2022.9.7,39.11019529
2022.9.8,39.00984034
2022.9.9,40.48401446
2022.9.10,40.41998042
2022.9.11,40.69969086
2022.9.12,41.55291723
2022.9.13,40.52306697
2022.9.14,40.11190041
2022.9.15,40.71230141
2022.9.16,40.89623902
2022.9.17,40.82396182
2022.9.18,41.45316678
2022.9.19,41.16614186
2022.9.20,40.79420828
2022.9.21,40.90350696
2022.9.22,40.99904823
2022.9.23,40.70842843
2022.9.24,40.48220951
2022.9.25,40.57883823
2022.9.26,40.80023966
2022.9.27,40.81502431
2022.9.28,41.14448333
2022.9.29,41.20223146
2022.9.30,41.10940262
2022.10.1,41.2000426
2022.10.2,41.28698263
2022.10.3,41.54177372
2022.10.4,41.88239234
2022.10.5,41.75812164
2022.10.6,41.64408391
2022.10.7,41.24708187
2022.10.8,41.30908582
2022.10.9,41.17642076
2022.10.10,41.3469056
2022.10.11,41.46598427
2022.10.12,41.50839897
2022.10.13,41.90330861
2022.10.14,41.68055043
2022.10.15,41.74004198
2022.10.16,41.73013859
2022.10.17,41.74550335
2022.10.18,41.75598296
2022.10.19,41.95108908
2022.10.20,41.9819054
2022.10.21,41.94867938
2022.10.22,41.86127963
2022.10.23,41.80412342
2022.10.24,41.76111039
2022.10.25,41.52706178
2022.10.26,41.54699454
2022.10.27,41.42395688
2022.10.28,41.20207733
2022.10.29,40.70702736
2022.10.30,40.7164626
2022.10.31,40.47905275
2022.11.1,40.42915315
2022.11.2,40.65413118
2022.11.3,40.56692248
2022.11.4,40.2179644
2022.11.5,40.48170364
2022.11.6,40.89218942
2022.11.7,40.51462995
2022.11.8,40.62922117
2022.11.9,40.43880555
2022.11.10,40.06257901
2022.11.11,39.82577641
2022.11.12,40.11916295
2022.11.13,40.03331023
2022.11.14,40.18272162
2022.11.15,40.37515625
2022.11.16,40.47807088
2022.11.17,40.72667653
2022.11.18,40.55582579
2022.11.19,40.51219214
2022.11.20,40.87842136
2022.11.21,40.63369297
2022.11.22,40.74646999
2022.11.23,40.46457546
2022.11.24,40.25881059
2022.11.25,40.20479
2022.11.26,39.98078079
2022.11.27,39.96075608
2022.11.28,40.13822643
2022.11.29,40.00991845
2022.11.30,40.20005769
2022.12.1,40.25470648
2022.12.2,40.17969484
2022.12.3,40.48004885
2022.12.4,40.38967401
2022.12.5,40.36644306
2022.12.6,40.48891978
2022.12.7,40.66379341
2022.12.8,40.67520796
2022.12.9,40.68465155
2022.12.10,40.6313373
2022.12.11,40.80266734
2022.12.12,41.00361774
2022.12.13,41.32246671
2022.12.14,41.53967992
2022.12.15,41.45401969
2022.12.16,42.09768968
2022.12.17,41.95749966
2022.12.18,41.91267702
2022.12.19,42.02729695
2022.12.20,42.01832482
2022.12.21,42.08826332
2022.12.22,41.98251123
2022.12.23,41.9285754
2022.12.24,42.01387802
2022.12.25,42.06078495
2022.12.26,42.00656279
2022.12.27,41.86730284
2022.12.28,42.09943397
2022.12.29,42.21106891
2022.12.30,42.17816733
2022.12.31,42.07267873
2023.1.1,42.12447876
2023.1.2,41.91095507
2023.1.3,41.89322891
2023.1.4,41.55867785
2023.1.5,41.68484769
2023.1.6,41.57279556
2023.1.7,41.61922888
2023.1.8,41.33392007
2023.1.9,41.02021829
2023.1.10,41.16062799
2023.1.11,41.2328318
2023.1.12,42.04715912
2023.1.13,42.80558006
2023.1.14,42.96603474
2023.1.15,42.85811454
2023.1.16,43.12939691
2023.1.17,43.1588892
2023.1.18,43.42640713
2023.1.19,43.39866622
2023.1.20,43.91371574
2023.1.21,44.38687025
2023.1.22,44.15808045
2023.1.23,44.15347165
2023.1.24,44.6514487
2023.1.25,44.37782708
2023.1.26,44.29373813
2023.1.27,44.21179938
2023.1.28,44.42149065
2023.1.29,44.39037091
2023.1.30,44.40428153
2023.1.31,44.38730369
2023.2.1,44.39309564
2023.2.2,44.11472402
2023.2.3,43.60580963
2023.2.4,43.44281602
2023.2.5,43.54360904
2023.2.6,43.57488495
2023.2.7,43.25232865
2023.2.8,43.22255451
2023.2.9,43.37631312
2023.2.10,43.36214921
2023.2.11,43.2882537
2023.2.12,43.41147739
2023.2.13,43.75207739
2023.2.14,43.6029858
2023.2.15,44.21880584
2023.2.16,44.21913117
2023.2.17,44.40996494
2023.2.18,44.41195386
2023.2.19,44.05035658
2023.2.20,44.24828089
2023.2.21,44.32276129
2023.2.22,44.24357247
2023.2.23,44.03821107
2023.2.24,43.87310436
2023.2.25,44.00505236
2023.2.26,43.94658003
2023.2.27,43.95694966
2023.2.28,43.97986821
2023.3.1,43.86313601
2023.3.2,43.91524889
2023.3.3,43.60593119
2023.3.4,43.80484161
2023.3.5,43.78530669
2023.3.6,43.79403914
2023.3.7,43.7071098
2023.3.8,43.7421314
2023.3.9,43.19070844
2023.3.10,42.98693331
2023.3.11,43.32579733
2023.3.12,43.67356745
2023.3.13,44.91518805
2023.3.14,45.03687227
2023.3.15,45.51859019
2023.3.16,45.79941066
2023.3.17,46.76503033
2023.3.18,46.8028959
2023.3.19,47.47567729
2023.3.20,47.7882048
2023.3.21,47.20029648
2023.3.22,47.14414763
2023.3.23,47.33145832
2023.3.24,47.38998272
2023.3.25,47.6027642
2023.3.26,47.62953192
2023.3.27,47.62562142
2023.3.28,47.19748731
2023.3.29,47.66857836
2023.3.30,47.47320258
2023.3.31,47.72340114
2023.4.1,47.81021296
2023.4.2,47.75680051
2023.4.3,47.35226005
2023.4.4,47.28545714
2023.4.5,46.98995744
2023.4.6,47.40068454
2023.4.7,47.24605174
2023.4.8,47.41689242
2023.4.9,47.62474533
2023.4.10,48.31601125
2023.4.11,48.84153444
2023.4.12,48.48331171
2023.4.13,48.16942308
2023.4.14,47.63900459
2023.4.15,47.4763222
2023.4.16,47.18228332
2023.4.17,46.94068498
2023.4.18,47.35670645
2023.4.19,47.57686824
2023.4.20,47.26766763
2023.4.21,47.25192238
2023.4.22,47.34024095
2023.4.23,47.31126984
2023.4.24,47.40514262
2023.4.25,47.7659955
2023.4.26,48.08537961
2023.4.27,48.65925458
2023.4.28,48.63479642
2023.4.29,48.49865376
2023.4.30,48.67761415
2023.5.1,48.11484228
2023.5.2,48.37877844
2023.5.3,48.37910079
2023.5.4,48.51967554
2023.5.5,48.3300218
2023.5.6,48.57630405
2023.5.7,48.41139312
2023.5.8,48.32945019
2023.5.9,48.20518435
2023.5.10,48.0131345
2023.5.11,48.02377577
2023.5.12,47.59906765
2023.5.13,47.73953188
2023.5.14,47.81907862
2023.5.15,47.87818022
2023.5.16,47.88462781
2023.5.17,48.15532886
2023.5.18,47.83030023
2023.5.19,47.76997305
2023.5.20,47.88375872
2023.5.21,47.87743948
2023.5.22,47.8596604
2023.5.23,47.90742256
2023.5.24,47.68351106
2023.5.25,47.80789143
2023.5.26,47.80940416
2023.5.27,47.8889341
2023.5.28,48.32737179
2023.5.29,48.17582271
2023.5.30,47.99234976
2023.5.31,47.89302719
2023.6.1,47.61623745
2023.6.2,47.53695239
2023.6.3,47.47437352
2023.6.4,47.52308759
2023.6.5,47.31262955
2023.6.6,48.11768925
2023.6.7,48.06430521
2023.6.8,48.08339806
2023.6.9,48.23115615
2023.6.10,49.06298382
2023.6.11,49.15154787
2023.6.12,49.18765737
2023.6.13,49.10822675
2023.6.14,49.13607845
2023.6.15,49.48866545
2023.6.16,49.75205531
2023.6.17,49.70311801
2023.6.18,49.65658778
2023.6.19,49.97677888
2023.6.20,50.75255152
2023.6.21,51.34549714
2023.6.22,51.43297555
2023.6.23,51.7092497
2023.6.24,51.80633371
2023.6.25,51.51177509
2023.6.26,51.7149949
2023.6.27,51.7857966
2023.6.28,52.03064509
2023.6.29,52.01918438
2023.6.30,51.18138512
2023.7.1,51.19210884
2023.7.2,51.10131104
2023.7.3,51.36101021
2023.7.4,51.26960453
2023.7.5,51.36729515
2023.7.6,51.50426266
2023.7.7,51.56220808
2023.7.8,51.53743863
2023.7.9,51.50373318
2023.7.10,51.47120176
2023.7.11,51.60055332
2023.7.12,51.48154565
2023.7.13,50.14125966
2023.7.14,50.03689743
2023.7.15,50.00793189
2023.7.16,50.1126222
2023.7.17,50.0790785
2023.7.18,50.0024387
2023.7.19,49.91125954
2023.7.20,49.79519776
2023.7.21,49.86295332
2023.7.22,50.11151763
2023.7.23,50.14599904
2023.7.24,49.91648531
2023.7.25,49.88396625
2023.7.26,49.81224456
2023.7.27,49.75119758
2023.7.28,49.70246688
2023.7.29,49.63753918
2023.7.30,49.73411061
2023.7.31,49.81482458
2023.8.1,50.08124352
2023.8.2,50.02431507
2023.8.3,50.32053275
2023.8.4,50.37566161
2023.8.5,50.26508851
2023.8.6,50.33008557
2023.8.7,50.4601373
2023.8.8,50.64090613
2023.8.9,50.46379694
2023.8.10,50.4361241
2023.8.11,50.45291838
2023.8.12,50.45208487
2023.8.13,50.21979605
2023.8.14,50.24517655
2023.8.15,50.45168054
2023.8.16,50.35982204
2023.8.17,49.83854509
2023.8.18,49.22373628
2023.8.19,49.08709937
2023.8.20,49.00258983
2023.8.21,49.15618213
2023.8.22,49.35568807
2023.8.23,49.21196721
2023.8.24,49.19947348
2023.8.25,49.16397018
2023.8.26,49.17992123
2023.8.27,49.13599992
2023.8.28,49.1841445
2023.8.29,49.85764989
2023.8.30,49.8016293
2023.8.31,49.18237512
2023.9.1,49.22137617
2023.9.2,49.231713
2023.9.3,49.32814098
2023.9.4,49.19398306
2023.9.5,49.13606582
2023.9.6,49.11591166
2023.9.7,49.44000025
2023.9.8,49.26031489
2023.9.9,49.26654808
2023.9.10,49.51751517
2023.9.11,49.55769501
2023.9.12,49.82940811
2023.9.13,49.9963558
2023.9.14,50.06411195
2023.9.15,49.86973202
2023.9.16,49.79749267
2023.9.17,49.98464619
2023.9.18,49.96606336
2023.9.19,50.19454059
2023.9.20,50.27961802
2023.9.21,50.19269741
2023.9.22,50.10424344
2023.9.23,50.10089903
2023.9.24,50.0114719
2023.9.25,49.93201758
2023.9.26,49.86607759
2023.9.27,49.9656075
2023.9.28,50.06411889
2023.9.29,49.81337772
2023.9.30,49.82270071
2023.10.1,50.11726006
2023.10.2,50.32959945
2023.10.3,50.27265492
2023.10.4,50.68041172
2023.10.5,50.65838824
2023.10.6,50.79478928
2023.10.7,50.90644118
2023.10.8,50.93121447
2023.10.9,51.25676542
2023.10.10,51.16312549
2023.10.11,50.79066847
2023.10.12,50.95677107
2023.10.13,50.90329932
2023.10.14,50.8247654
2023.10.15,51.03378361
2023.10.16,51.81038919
2023.10.17,52.05002011
2023.10.18,52.05579264
2023.10.19,52.23332687
2023.10.20,52.61914373
2023.10.21,52.38563525
2023.10.22,52.10726446
2023.10.23,53.44848627
2023.10.24,54.01207343
2023.10.25,54.31740308
2023.10.26,53.94856887
2023.10.27,54.00271039
2023.10.28,54.05368968
2023.10.29,54.08733352
2023.10.30,53.7924171
2023.10.31,53.83282668
2023.11.1,53.94401561
2023.11.2,53.88694715
2023.11.3,53.52531257
2023.11.4,53.43995091
2023.11.5,52.92345979
2023.11.6,52.41384538
2023.11.7,52.96591123
2023.11.8,52.85556537
2023.11.9,52.41806213
2023.11.10,52.55184235
2023.11.11,52.45721295
2023.11.12,52.33834187
2023.11.13,52.28506811
2023.11.14,52.03510744
2023.11.15,52.54965931
2023.11.16,52.32352437
2023.11.17,52.53853704
2023.11.18,52.55283853
2023.11.19,52.59685538
2023.11.20,52.83018754
2023.11.21,52.91645345
2023.11.22,52.69332463
2023.11.23,52.61229937
2023.11.24,52.68534285
2023.11.25,52.52324685
2023.11.26,52.5325772
2023.11.27,52.81936578
2023.11.28,53.04942994
2023.11.29,53.27644753
2023.11.30,53.03168622
2023.12.1,53.31163887
2023.12.2,53.17004871
2023.12.3,53.37625345
2023.12.4,54.16941769
2023.12.5,55.03997234
2023.12.6,55.1183663
2023.12.7,54.05610609
2023.12.8,53.94038368
2023.12.9,53.77699918
2023.12.10,53.46842291
2023.12.11,53.08251215
2023.12.12,53.11917115
2023.12.13,53.36778282
2023.12.14,53.02487144
2023.12.15,53.2224287
2023.12.16,53.07876624
2023.12.17,53.03928703
2023.12.18,53.51296013
2023.12.19,53.58939368
2023.12.20,53.93796409
2023.12.21,53.15389089
2023.12.22,52.7441587
2023.12.23,52.44253118
2023.12.24,52.22442582
2023.12.25,52.06564832
2023.12.26,51.73561911
2023.12.27,51.47584245
2023.12.28,51.34038105
2023.12.29,51.2822705
2023.12.30,51.38465381
2023.12.31,51.59471597
2024.1.1,51.92072529
2024.1.2,52.51492172
2024.1.3,52.64803993
2024.1.4,52.76650589
2024.1.5,53.15152395
2024.1.6,53.53451136
2024.1.7,53.95457771
2024.1.8,54.51543859
2024.1.9,54.23961389
2024.1.10,52.91422161
2024.1.11,52.4950114
2024.1.12,51.44160783
2024.1.13,51.03330616
2024.1.14,51.04911093
2024.1.15,51.13020993
2024.1.16,51.08283835
2024.1.17,51.17251562
2024.1.18,51.0116778
2024.1.19,51.13738187
2024.1.20,51.13583315
2024.1.21,51.24253683
2024.1.22,51.18357709
2024.1.23,51.77188103
2024.1.24,51.74241381
2024.1.25,51.87709143
2024.1.26,52.31092812
2024.1.27,52.37929061
2024.1.28,52.3975723
2024.1.29,52.50708699
2024.1.30,52.38452105
2024.1.31,52.73123621
2024.2.1,52.77202729
2024.2.2,52.64858028
2024.2.3,52.6549766
2024.2.4,52.58213389
2024.2.5,52.55663967
2024.2.6,52.50258316
2024.2.7,52.71930627
2024.2.8,53.09823843
2024.2.9,53.49180931
2024.2.10,53.67089665
2024.2.11,53.94029479
2024.2.12,53.86053416
2024.2.13,53.90042342
2024.2.14,54.02608736
2024.2.15,53.71702555
2024.2.16,53.91138613
2024.2.17,53.77290771
2024.2.18,53.45930735
2024.2.19,52.9143817
2024.2.20,53.04981172
2024.2.21,53.16114263
2024.2.22,52.9087967
2024.2.23,52.86722161
2024.2.24,52.73152924
2024.2.25,52.34861001
2024.2.26,52.93755335
2024.2.27,53.7657259
2024.2.28,55.13522046
2024.2.29,54.66403938
2024.3.1,54.26173613
2024.3.2,53.55995048
2024.3.3,53.80762872
2024.3.4,54.92574851
2024.3.5,54.13586226
2024.3.6,53.56940018
2024.3.7,53.27455155
2024.3.8,53.54951588
2024.3.9,53.340986
2024.3.10,53.62249795
2024.3.11,53.68404351
2024.3.12,53.66566562
2024.3.13,53.64718997
2024.3.14,53.41957408
2024.3.15,53.37112893
2024.3.16,53.34047137
2024.3.17,53.47077557
2024.3.18,53.90807305
2024.3.19,53.82193126
2024.3.20,53.88173625
2024.3.21,53.28657828
2024.3.22,53.23469058
2024.3.23,53.21619267
2024.3.24,53.53780309
2024.3.25,53.77091333
2024.3.26,53.76004861
2024.3.27,53.9741364
2024.3.28,53.998677
2024.3.29,53.70948156
2024.3.30,53.76760698
2024.3.31,53.60392014
2024.4.1,53.99913414
2024.4.2,53.84915614
2024.4.3,54.01339216
2024.4.4,54.61787555
2024.4.5,54.58104418
2024.4.6,54.55955027
2024.4.7,54.3065758
2024.4.8,54.12266408
2024.4.9,54.23389118
2024.4.10,54.55841007
2024.4.11,54.52826771
2024.4.12,55.58983073
2024.4.13,56.31086515
2024.4.14,55.70322415
2024.4.15,55.44522008
2024.4.16,55.76653104
2024.4.17,55.37346127
2024.4.18,55.55446136
2024.4.19,55.67206634
2024.4.20,55.03692155
2024.4.21,55.15563434
2024.4.22,55.30063364
2024.4.23,55.01630701
2024.4.24,54.86563069
2024.4.25,54.91644005
2024.4.26,54.99335267
2024.4.27,54.45748838
2024.4.28,54.38656804
2024.4.29,54.88037253
2024.4.30,54.86516293
2024.5.1,53.92459391
2024.5.2,54.12518439
2024.5.3,54.76552069
2024.5.4,55.0113482
2024.5.5,54.88459931
2024.5.6,54.82748109
2024.5.7,54.96307631
2024.5.8,54.7603888
2024.5.9,54.86635896
2024.5.10,54.69158915
2024.5.11,54.69725632
2024.5.12,54.94827572
2024.5.13,55.40245877
2024.5.14,55.45236432
2024.5.15,56.03597
2024.5.16,56.0251931
2024.5.17,55.89427267
2024.5.18,55.76206165
2024.5.19,55.95306178
2024.5.20,55.2069997
2024.5.21,54.44939954
2024.5.22,54.38372027
2024.5.23,54.03456427
2024.5.24,54.43533966
2024.5.25,54.49081614
2024.5.26,54.18741671
2024.5.27,54.04967747
2024.5.28,53.91857809
2024.5.29,53.96023468
2024.5.30,54.52443298
2024.5.31,54.23513434
2024.6.1,54.10437643
2024.6.2,54.27037939
2024.6.3,54.54026825
2024.6.4,54.57203706
2024.6.5,54.47223848
2024.6.6,54.58637854
2024.6.7,55.03311788
2024.6.8,55.26374616
2024.6.9,55.19798402
2024.6.10,55.57483499
2024.6.11,55.7629636
2024.6.12,55.45702278
2024.6.13,55.66033778
2024.6.14,55.53599984
2024.6.15,55.23082637
2024.6.16,55.08400198
2024.6.17,55.85125099
2024.6.18,55.76074933
2024.6.19,55.31264235
2024.6.20,55.45541786
2024.6.21,55.17865971
2024.6.22,55.29779311
2024.6.23,55.34694984
2024.6.24,54.34290836
2024.6.25,54.71658726
2024.6.26,54.52717377
2024.6.27,54.27566028
2024.6.28,54.32634001
2024.6.29,54.57896248
2024.6.30,54.81034559
2024.7.1,54.88554681
2024.7.2,54.42675307
2024.7.3,54.64082079
2024.7.4,55.00698642
2024.7.5,55.14524608
2024.7.6,54.85330339
2024.7.7,55.07063095
2024.7.8,54.73193317
2024.7.9,54.94408072
2024.7.10,54.60927709
2024.7.11,54.55938202
2024.7.12,54.42049757
2024.7.13,54.62051656
2024.7.14,54.80472354
2024.7.15,54.94703403
2024.7.16,55.15303647
2024.7.17,55.06248302
2024.7.18,54.9853225
2024.7.19,55.38323552
2024.7.20,55.35674627
2024.7.21,55.39106902
2024.7.22,55.81484834
2024.7.23,55.33939983
2024.7.24,55.62923938
2024.7.25,56.50538627
2024.7.26,56.54256418
2024.7.27,56.63102469
2024.7.28,56.75721878
2024.7.29,56.17479606
2024.7.30,56.13175562
2024.7.31,55.96283776
2024.8.1,56.46252873
2024.8.2,56.44483933
2024.8.3,56.8040691
2024.8.4,57.01442967
2024.8.5,57.0154754
2024.8.6,57.03424842
2024.8.7,57.1094977
2024.8.8,57.53335528
2024.8.9,57.70745611
2024.8.10,57.61578707
2024.8.11,57.54852404
2024.8.12,56.82000372
2024.8.13,57.27761
2024.8.14,56.75946061
2024.8.15,56.8118099
2024.8.16,57.31208616
2024.8.17,57.27055566
2024.8.18,56.91373289
2024.8.19,56.9296407
2024.8.20,56.84676024
2024.8.21,57.29858714
2024.8.22,56.84775226
2024.8.23,57.26392679
2024.8.24,57.20143441
2024.8.25,57.48370641
2024.8.26,57.58587419
2024.8.27,57.49084754
2024.8.28,57.15861067
2024.8.29,57.37331193
2024.8.30,57.30036261
2024.8.31,57.40474051
2024.9.1,57.48631601
2024.9.2,57.46089415
2024.9.3,57.59562765
2024.9.4,57.58031237
2024.9.5,57.38366928
2024.9.6,57.21244428
2024.9.7,56.92941336
2024.9.8,56.91944818
2024.9.9,57.2258483
2024.9.10,57.26884032
2024.9.11,57.38225721
2024.9.12,57.34383447
2024.9.13,57.78832467
2024.9.14,57.71239489
2024.9.15,58.00771074
2024.9.16,57.88317058
2024.9.17,58.40507083
2024.9.18,58.58637744
2024.9.19,58.41454399
2024.9.20,58.03051366
2024.9.21,57.61792226
2024.9.22,57.99886847
2024.9.23,57.480755
2024.9.24,57.52632775
2024.9.25,57.54530309
2024.9.26,57.6750637
2024.9.27,57.43488829
2024.9.28,57.59496165
2024.9.29,57.52941447
2024.9.30,57.37990963
2024.10.1,57.50341732
2024.10.2,58.01847525
2024.10.3,58.20570597
2024.10.4,58.09383357
2024.10.5,58.13430862
2024.10.6,58.08025837
2024.10.7,58.06100952
2024.10.8,58.01840267
2024.10.9,57.87075008
2024.10.10,57.68125134
2024.10.11,57.98208064
2024.10.12,57.97155745
2024.10.13,57.9283764
2024.10.14,58.10650484
2024.10.15,58.67328376
2024.10.16,58.85629787
2024.10.17,58.9860623
2024.10.18,58.95710264
2024.10.19,58.84681955
2024.10.20,58.47376897
2024.10.21,58.36403958
2024.10.22,58.56753996
2024.10.23,58.74970383
2024.10.24,59.03865945
2024.10.25,59.57797281
2024.10.26,59.3203278
2024.10.27,59.35994336
2024.10.28,59.66389206
2024.10.29,60.07070695
2024.10.30,60.0751331
2024.10.31,60.23627932
2024.11.1,60.1210941
2024.11.2,60.25769863
2024.11.3,60.47339677
2024.11.4,60.5586509
2024.11.5,60.56175601
2024.11.6,60.55583432
2024.11.7,59.84762499
2024.11.8,59.67366775
2024.11.9,58.75472747
2024.11.10,59.00183545
2024.11.11,59.91442918
2024.11.12,60.29128182
2024.11.13,61.05723449
2024.11.14,60.80851847
2024.11.15,60.93589855
2024.11.16,60.13545544
2024.11.17,60.14159898
2024.11.18,59.56728678
2024.11.19,60.35701961
2024.11.20,60.4750657