Date,Data
2012.4.25,383.698
2012.4.26,0
2012.4.27,0
2012.4.28,12.815
2012.4.29,0
2012.4.30,0
2012.5.1,65.75
2012.5.2,0
2012.5.3,102.168
2012.5.4,285.021
2012.5.5,379.468
2012.5.6,0
2012.5.7,0
2012.5.8,0
2012.5.9,0
2012.5.10,0
2012.5.11,192.73
2012.5.12,0
2012.5.13,0
2012.5.14,0
2012.5.15,0
2012.5.16,0
2012.5.17,0
2012.5.18,348.068
2012.5.19,364.52
2012.5.20,0
2012.5.21,0
2012.5.22,0
2012.5.23,0
2012.5.24,0
2012.5.25,35.14563
2012.5.26,0
2012.5.27,242.6
2012.5.28,12.86112108
2012.5.29,4.6
2012.5.30,8.66144426
2012.5.31,0
2012.6.1,5.63644431
2012.6.2,0
2012.6.3,0
2012.6.4,20.85083102
2012.6.5,64.96411748
2012.6.6,0
2012.6.7,1
2012.6.8,0
2012.6.9,0
2012.6.10,11.3109
2012.6.11,0
2012.6.12,21.04698193
2012.6.13,45.98317849
2012.6.14,1
2012.6.15,76.4485055
2012.6.16,10.65
2012.6.17,11.04147985
2012.6.18,29.88992601
2012.6.19,0
2012.6.20,22.25689353
2012.6.21,400.7963855
2012.6.22,16.03912853
2012.6.23,4.94637042
2012.6.24,19.61972348
2012.6.25,24.15198908
2012.6.26,22.91698713
2012.6.27,13.18
2012.6.28,37.55762618
2012.6.29,12.20094446
2012.6.30,1.4052141
2012.7.1,15.65849608
2012.7.2,18.82929207
2012.7.3,4.34104457
2012.7.4,3.59742979
2012.7.5,6.11422634
2012.7.6,2.04260946
2012.7.7,25.99895271
2012.7.8,17.77217
2012.7.9,15.67810661
2012.7.10,12.11816911
2012.7.11,49.78347656
2012.7.12,1.11200579
2012.7.13,15.55151908
2012.7.14,7.27146131
2012.7.15,282.8782833
2012.7.16,63.28022403
2012.7.17,67.93206484
2012.7.18,16.39998099
2012.7.19,0
2012.7.20,5.26344509
2012.7.21,15.45361831
2012.7.22,3.39324697
2012.7.23,5.80917699
2012.7.24,16.32253
2012.7.25,5.37004337
2012.7.26,26.02482612
2012.7.27,11.27524729
2012.7.28,0
2012.7.29,26.2815323
2012.7.30,16.67729926
2012.7.31,19.27745896
2012.8.1,4.1565
2012.8.2,0
2012.8.3,0
2012.8.4,2
2012.8.5,5.53415031
2012.8.6,0.5
2012.8.7,0
2012.8.8,0
2012.8.9,37.2005826
2012.8.10,9.7295
2012.8.11,0.76651075
2012.8.12,0
2012.8.13,18.46294483
2012.8.14,2.61108638
2012.8.15,9.7
2012.8.16,7.51
2012.8.17,0.59
2012.8.18,0.0009
2012.8.19,11
2012.8.20,0
2012.8.21,1
2012.8.22,1
2012.8.23,0
2012.8.24,0.7698
2012.8.25,0
2012.8.26,0
2012.8.27,9.13666825
2012.8.28,0.54324755
2012.8.29,1.00165
2012.8.30,0.40165869
2012.8.31,0
2012.9.1,0
2012.9.2,5.07801157
2012.9.3,0.0103946
2012.9.4,44.79041921
2012.9.5,0.03322287
2012.9.6,14.89679482
2012.9.7,0.01170615
2012.9.8,1.1587922
2012.9.9,0.01331083
2012.9.10,1.85084521
2012.9.11,3.11701042
2012.9.12,5.54697895
2012.9.13,0.03423954
2012.9.14,3.69466718
2012.9.15,2.5409278
2012.9.16,3.93446595
2012.9.17,18.55108528
2012.9.18,0.33135378
2012.9.19,4.48377
2012.9.20,0.302
2012.9.21,0.05112626
2012.9.22,10.78481642
2012.9.23,0
2012.9.24,48.90343983
2012.9.25,11.39103333
2012.9.26,0.0513
2012.9.27,7.03831423
2012.9.28,15.78254
2012.9.29,0.0514408
2012.9.30,0
2012.10.1,0.0532493
2012.10.2,0
2012.10.3,0.0006
2012.10.4,0
2012.10.5,0.00149995
2012.10.6,0.00149995
2012.10.7,0.00239992
2012.10.8,18.84421697
2012.10.9,0.0014
2012.10.10,0.05488655
2012.10.11,0
2012.10.12,0.00439998
2012.10.13,0.0524948
2012.10.14,0.00089999
2012.10.15,0.0037
2012.10.16,0.00849999
2012.10.17,0
2012.10.18,0.05745723
2012.10.19,0.07118977
2012.10.20,0.08008327
2012.10.21,0.11453365
2012.10.22,0.08075095
2012.10.23,0.05737777
2012.10.24,0.05844303
2012.10.25,0.01590008
2012.10.26,0.01374393
2012.10.27,0.0529027
2012.10.28,0.07629248
2012.10.29,0.01095
2012.10.30,0.00145
2012.10.31,0.0023
2012.11.1,2.48355
2012.11.2,3.64574999
2012.11.3,0.0707427
2012.11.4,0.00675
2012.11.5,0.00175
2012.11.6,0.00044999
2012.11.7,0.0005
2012.11.8,0.07383356
2012.11.9,0.00065
2012.11.10,0.00039999
2012.11.11,0.00045
2012.11.12,0.00275
2012.11.13,0.0735595
2012.11.14,0.00375
2012.11.15,0.00239999
2012.11.16,0.00074999
2012.11.17,0.39739974
2012.11.18,0.00095
2012.11.19,0.07308727
2012.11.20,0.00254999
2012.11.21,0.00189998
2012.11.22,0.00134999
2012.11.23,0.07651104
2012.11.24,0.00174997
2012.11.25,0.00165
2012.11.26,0.07430281
2012.11.27,0.0015
2012.11.28,0.20105
2012.11.29,0.22578521
2012.11.30,1.00135
2012.12.1,0.00115
2012.12.2,0.00094998
2012.12.3,0.00075
2012.12.4,0.00324
2012.12.5,0.08135877
2012.12.6,0.00349998
2012.12.7,0.0009
2012.12.8,0.0006
2012.12.9,0.0168473
2012.12.10,0.00069999
2012.12.11,0.05632445
2012.12.12,0.00114999
2012.12.13,0.00139999
2012.12.14,1.00105
2012.12.15,0.00134999
2012.12.16,0.00079997
2012.12.17,0.00144996
2012.12.18,0.00104997
2012.12.19,0.0006
2012.12.20,0.00089999
2012.12.21,0.00079999
2012.12.22,0.0032
2012.12.23,0.00179999
2012.12.24,0
2012.12.25,0.00115
2012.12.26,0.00039999
2012.12.27,0.0005
2012.12.28,0.00069999
2012.12.29,0.00069998
2012.12.30,0.00174999
2012.12.31,0.04
2013.1.1,0.01189997
2013.1.2,0.00124999
2013.1.3,0.00089999
2013.1.4,0.00049999
2013.1.5,0
2013.1.6,0.50304996
2013.1.7,0.00085
2013.1.8,0.00095
2013.1.9,0.50104999
2013.1.10,0.00149998
2013.1.11,0
2013.1.12,0.00249995
2013.1.13,0.00084999
2013.1.14,0.0006
2013.1.15,0.00104999
2013.1.16,0.00254998
2013.1.17,0.00139999
2013.1.18,0.00139998
2013.1.19,0.00129998
2013.1.20,0.00089998
2013.1.21,0.00109999
2013.1.22,0.00099999
2013.1.23,0.00139999
2013.1.24,0.00119999
2013.1.25,0.00654999
2013.1.26,0.00089999
2013.1.27,0.00104998
2013.1.28,0.10079998
2013.1.29,0.00115
2013.1.30,0.0014
2013.1.31,0.00224997
2013.2.1,0.20129999
2013.2.2,0.0004
2013.2.3,0.24434998
2013.2.4,0.00125
2013.2.5,0.00149997
2013.2.6,0.00125
2013.2.7,0.0013
2013.2.8,0.54535602
2013.2.9,0.10174031
2013.2.10,0
2013.2.11,0.10533053
2013.2.12,0.00195
2013.2.13,0.00095
2013.2.14,100.1032168
2013.2.15,0.00199998
2013.2.16,0.00055
2013.2.17,0.00115
2013.2.18,0.10509847
2013.2.19,0.1008082
2013.2.20,0.00099999
2013.2.21,0.10170142
2013.2.22,0.12253848
2013.2.23,0.0008
2013.2.24,0.10375605
2013.2.25,0.25828616
2013.2.26,0.00219999
2013.2.27,0.0613792
2013.2.28,0.05660123
2013.3.1,0.00072
2013.3.2,0.00148
2013.3.3,0.15585197
2013.3.4,199.00553
2013.3.5,0.15218905
2013.3.6,0.09401949
2013.3.7,0.15025271
2013.3.8,0.00287999
2013.3.9,0.00061
2013.3.10,0.15235808
2013.3.11,10.01234309
2013.3.12,0.58074
2013.3.13,0.08242373
2013.3.14,0.15182022
2013.3.15,0.00187999
2013.3.16,0.01721
2013.3.17,0.1516324
2013.3.18,0.00032
2013.3.19,0.00044
2013.3.20,0.20314019
2013.3.21,0.17906139
2013.3.22,0.20456619
2013.3.23,0.07173531
2013.3.24,0
2013.3.25,0
2013.3.26,0.25413233
2013.3.27,0.50027
2013.3.28,3.23604261
2013.3.29,5.84038212
2013.3.30,0.15165169
2013.3.31,0.00270399
2013.4.1,0.001602
2013.4.2,0.0161912
2013.4.3,54.95466164
2013.4.4,0.11446793
2013.4.5,0.00478143
2013.4.6,0.31921144
2013.4.7,0.13530725
2013.4.8,10.42315325
2013.4.9,1.37160467
2013.4.10,1.31051509
2013.4.11,0.39867218
2013.4.12,0.7252766
2013.4.13,0.76708828
2013.4.14,0.29201364
2013.4.15,0.50296783
2013.4.16,8.41456237
2013.4.17,30.93330466
2013.4.18,0.09063874
2013.4.19,2.04560223
2013.4.20,0.20100611
2013.4.21,0.61345127
2013.4.22,1.02013773
2013.4.23,2.50612833
2013.4.24,13.618189
2013.4.25,0.00113
2013.4.26,0.13484102
2013.4.27,20.70428772
2013.4.28,0.12031645
2013.4.29,0.25832125
2013.4.30,1.63899385
2013.5.1,5.79912757
2013.5.2,2.39863862
2013.5.3,4.15064524
2013.5.4,1.6412256
2013.5.5,1.2981233
2013.5.6,0.58824584
2013.5.7,0.39323232
2013.5.8,0.82997234
2013.5.9,53.31419991
2013.5.10,0.55125233
2013.5.11,2.88952633
2013.5.12,0.12030939
2013.5.13,2.09893727
2013.5.14,0.28703011
2013.5.15,91.40481076
2013.5.16,46.05503438
2013.5.17,152.6094447
2013.5.18,0.16184457
2013.5.19,5.16794032
2013.5.20,4.95450116
2013.5.21,0.75486917
2013.5.22,20.11207626
2013.5.23,1.51984714
2013.5.24,21.05365108
2013.5.25,1.27020921
2013.5.26,1.02608804
2013.5.27,1.36653217
2013.5.28,11.75301683
2013.5.29,0.4387954
2013.5.30,0.4914661
2013.5.31,1.55508853
2013.6.1,0.19096402
2013.6.2,1.63103711
2013.6.3,1.18039855
2013.6.4,1.8417794
2013.6.5,20.74815276
2013.6.6,7.11801514
2013.6.7,1.60623292
2013.6.8,0.84525779
2013.6.9,4.36518821
2013.6.10,5.39659786
2013.6.11,2.0364921
2013.6.12,26.27079853
2013.6.13,1662.84228
2013.6.14,3.45541379
2013.6.15,718.6189781
2013.6.16,1.14757529
2013.6.17,0.59796081
2013.6.18,104.4906582
2013.6.19,2.65832827
2013.6.20,0.84624749
2013.6.21,6104.324385
2013.6.22,0.53406613
2013.6.23,0.82566189
2013.6.24,7.19324489
2013.6.25,101.1678378
2013.6.26,7.76039487
2013.6.27,8.07701499
2013.6.28,0.0612703
2013.6.29,0.86020304
2013.6.30,3.85053892
2013.7.1,0.30779597
2013.7.2,4.13138682
2013.7.3,2.21962046
2013.7.4,2.96431239
2013.7.5,2.17833668
2013.7.6,1.47965031
2013.7.7,0.83613444
2013.7.8,1.39405484
2013.7.9,9.2843585
2013.7.10,63.23547834
2013.7.11,18.38302285
2013.7.12,8.7067875
2013.7.13,1.22694525
2013.7.14,4.31242775
2013.7.15,5.81239627
2013.7.16,1.75468622
2013.7.17,12.32325066
2013.7.18,7.22035523
2013.7.19,3.93795017
2013.7.20,5.18490755
2013.7.21,0.509862
2013.7.22,12.69343309
2013.7.23,3.55410088
2013.7.24,0.62564826
2013.7.25,33.41142083
2013.7.26,8.2541113
2013.7.27,3.49734802
2013.7.28,33.58553384
2013.7.29,1.37616576
2013.7.30,2.74534825
2013.7.31,66.2722917
2013.8.1,48.71298913
2013.8.2,5.36778281
2013.8.3,57.8265092
2013.8.4,33.28379218
2013.8.5,1.46132004
2013.8.6,28.61840579
2013.8.7,3.37886238
2013.8.8,20.72726467
2013.8.9,1.34851048
2013.8.10,0.28376639
2013.8.11,0.30236346
2013.8.12,0.26231958
2013.8.13,19.12537734
2013.8.14,10.78700151
2013.8.15,17.85740282
2013.8.16,0.45421501
2013.8.17,52.57067392
2013.8.18,1.22857421
2013.8.19,10.57225707
2013.8.20,109.6706904
2013.8.21,0.67924323
2013.8.22,15.07949869
2013.8.23,22.4786692
2013.8.24,36.78571003
2013.8.25,10.98732108
2013.8.26,1.4867476
2013.8.27,9.78235473
2013.8.28,133.477639
2013.8.29,1.52964129
2013.8.30,16.20625216
2013.8.31,3.13620514
2013.9.1,0.69889092
2013.9.2,1.75416987
2013.9.3,37.34219346
2013.9.4,4.60409002
2013.9.5,101.6879214
2013.9.6,22.2348351
2013.9.7,22.00375876
2013.9.8,8.85660077
2013.9.9,1027.316998
2013.9.10,102.0949927
2013.9.11,0.96664825
2013.9.12,533.3311653
2013.9.13,2911.6473
2013.9.14,1130.30693
2013.9.15,3.08098897
2013.9.16,7.52776387
2013.9.17,4.29376741
2013.9.18,13.39031463
2013.9.19,510.7462215
2013.9.20,2.05355753
2013.9.21,11.78070641
2013.9.22,2.78360602
2013.9.23,11.21271105
2013.9.24,3.9672197
2013.9.25,10.34902712
2013.9.26,22.44509879
2013.9.27,0.94517047
2013.9.28,2.43315065
2013.9.29,17.73721347
2013.9.30,0.80774083
2013.10.1,106.0833869
2013.10.2,27.33871337
2013.10.3,0.86593413
2013.10.4,2.14309568
2013.10.5,101.0047222
2013.10.6,1.44139786
2013.10.7,4.51419602
2013.10.8,4.32150413
2013.10.9,67.0777464
2013.10.10,7.13983703
2013.10.11,2.31419431
2013.10.12,65.72920566
2013.10.13,2.76252851
2013.10.14,27.40718626
2013.10.15,6.95325469
2013.10.16,13.21628881
2013.10.17,19.54565869
2013.10.18,3.95089173
2013.10.19,3.62705543
2013.10.20,39.20592525
2013.10.21,28.28361236
2013.10.22,22.59780548
2013.10.23,11.17236377
2013.10.24,24.32339118
2013.10.25,15.63188518
2013.10.26,3.97466613
2013.10.27,5.5740151
2013.10.28,1.26098263
2013.10.29,2.12736194
2013.10.30,5.03944828
2013.10.31,17.84991612
2013.11.1,4.79728978
2013.11.2,10.30721042
2013.11.3,12.93929717
2013.11.4,33.57879894
2013.11.5,1392.666068
2013.11.6,58.43755637
2013.11.7,4.47998018
2013.11.8,14.72644066
2013.11.9,27.61355614
2013.11.10,9.99189352
2013.11.11,16.1004958
2013.11.12,8.8482663
2013.11.13,29.79683833
2013.11.14,27.47464896
2013.11.15,8.84164709
2013.11.16,10.65733771
2013.11.17,7.1959037
2013.11.18,13.62631247
2013.11.19,43.00145108
2013.11.20,33.05682517
2013.11.21,9.07187709
2013.11.22,18.9694681
2013.11.23,12.54480395
2013.11.24,5.85653186
2013.11.25,17.21651183
2013.11.26,5.41496794
2013.11.27,17.34497275
2013.11.28,26.65475976
2013.11.29,91.88610791
2013.11.30,15.40256854
2013.12.1,5.4307994
2013.12.2,18.86758931
2013.12.3,13.101222
2013.12.4,13.6716206
2013.12.5,19.67193369
2013.12.6,11.70477498
2013.12.7,15.68931228
2013.12.8,23.3221333
2013.12.9,19.3592089
2013.12.10,21.76412618
2013.12.11,18.62629654
2013.12.12,31.79707106
2013.12.13,22.1482993
2013.12.14,18.76504685
2013.12.15,96.76204108
2013.12.16,173.7057375
2013.12.17,117.7080256
2013.12.18,155.29206
2013.12.19,457.315552
2013.12.20,58.84185546
2013.12.21,108.6467249
2013.12.22,4.97593493
2013.12.23,57.75334685
2013.12.24,60.17168378
2013.12.25,107.0366959
2013.12.26,47.45310318
2013.12.27,67.07345664
2013.12.28,40.11714154
2013.12.29,19.40883808
2013.12.30,10.31907063
2013.12.31,9.44890492
2014.1.1,43.52339577
2014.1.2,17.32497253
2014.1.3,54.96390796
2014.1.4,9.80043194
2014.1.5,62.87847674
2014.1.6,11.7450792
2014.1.7,13.37670753
2014.1.8,15.84090159
2014.1.9,69.77626571
2014.1.10,18.98428942
2014.1.11,19.97964748
2014.1.12,4.24221834
2014.1.13,13.09155734
2014.1.14,53.56003191
2014.1.15,15.56371334
2014.1.16,68.87398101
2014.1.17,77.37495521
2014.1.18,62.84468326
2014.1.19,30.41384701
2014.1.20,117.9352919
2014.1.21,154.6618569
2014.1.22,16.34732909
2014.1.23,161.2261532
2014.1.24,111.7284675
2014.1.25,60.93490293
2014.1.26,74.36925908
2014.1.27,74.1137093
2014.1.28,176.5185482
2014.1.29,39.22847407
2014.1.30,42.1956654
2014.1.31,34.92583759
2014.2.1,31.46222111
2014.2.2,100.5730435
2014.2.3,40.58019909
2014.2.4,55.49802125
2014.2.5,92.54760455
2014.2.6,54.99637827
2014.2.7,41.73298169
2014.2.8,52.59817123
2014.2.9,50.4832644
2014.2.10,137.3054523
2014.2.11,92.84893785
2014.2.12,91.48950101
2014.2.13,66.95481575
2014.2.14,81.8996883
2014.2.15,96.77877123
2014.2.16,105.1918901
2014.2.17,72.15356347
2014.2.18,124.6355238
2014.2.19,121.2776028
2014.2.20,122.3351398
2014.2.21,72.62076594
2014.2.22,50.25026996
2014.2.23,86.9556127
2014.2.24,71.18875532
2014.2.25,79.14546419
2014.2.26,68.85854472
2014.2.27,66.23986807
2014.2.28,72.82369865
2014.3.1,74.3036143
2014.3.2,41.39702826
2014.3.3,158.7751702
2014.3.4,181.731096
2014.3.5,71.26696084
2014.3.6,66.07043459
2014.3.7,97.23028728
2014.3.8,49.21597476
2014.3.9,85.7501553
2014.3.10,69.32686003
2014.3.11,72.27186515
2014.3.12,112.0033921
2014.3.13,107.9957625
2014.3.14,53.83572729
2014.3.15,102.1205674
2014.3.16,76.89983059
2014.3.17,35.21887919
2014.3.18,61.15495718
2014.3.19,91.80568466
2014.3.20,113.2966645
2014.3.21,88.7111242
2014.3.22,45.5027898
2014.3.23,98.86836801
2014.3.24,42.69764734
2014.3.25,104.7283178
2014.3.26,83.4974749
2014.3.27,117.3241528
2014.3.28,93.11517453
2014.3.29,64.41326933
2014.3.30,22.59782959
2014.3.31,88.75570109
2014.4.1,123.5263441
2014.4.2,75.43689722
2014.4.3,54.22172632
2014.4.4,102.1917351
2014.4.5,32.14097152
2014.4.6,119.6467977
2014.4.7,39.23381391
2014.4.8,66.09157297
2014.4.9,155.8760245
2014.4.10,140.4726493
2014.4.11,122.3361152
2014.4.12,116.9429478
2014.4.13,51.07353678
2014.4.14,174.7642688
2014.4.15,265.8549414
2014.4.16,127.1159429
2014.4.17,109.5215634
2014.4.18,194.278714
2014.4.19,116.3907989
2014.4.20,65.25230593
2014.4.21,72.98790473
2014.4.22,112.638264
2014.4.23,111.3525568
2014.4.24,199.0373147
2014.4.25,70.94129741
2014.4.26,72.12885715
2014.4.27,43.29760505
2014.4.28,66.53930687
2014.4.29,117.1719002
2014.4.30,82.71349906
2014.5.1,124.3860348
2014.5.2,67.91874095
2014.5.3,88.95537066
2014.5.4,71.64927061
2014.5.5,138.4281097
2014.5.6,83.05500324
2014.5.7,187.9389239
2014.5.8,87.71405103
2014.5.9,183.9037982
2014.5.10,59.35804926
2014.5.11,55.12139984
2014.5.12,159.2778507
2014.5.13,149.5743526
2014.5.14,179.580639
2014.5.15,141.4671808
2014.5.16,236.1378848
2014.5.17,86.42026657
2014.5.18,66.37814653
2014.5.19,153.2791883
2014.5.20,119.1085076
2014.5.21,101.3646655
2014.5.22,147.0250043
2014.5.23,177.9914495
2014.5.24,145.3162798
2014.5.25,265.6520711
2014.5.26,202.9749009
2014.5.27,134.8273999
2014.5.28,220.5361832
2014.5.29,193.0079591
2014.5.30,243.4359892
2014.5.31,112.0378125
2014.6.1,103.9912695
2014.6.2,85.42516857
2014.6.3,175.5436081
2014.6.4,151.3946784
2014.6.5,76.15406139
2014.6.6,95.41279976
2014.6.7,72.28677903
2014.6.8,106.0631767
2014.6.9,146.1333607
2014.6.10,93.39343768
2014.6.11,191.7620183
2014.6.12,156.2583857
2014.6.13,83.87013454
2014.6.14,74.23139878
2014.6.15,71.77136122
2014.6.16,128.6747666
2014.6.17,170.9970566
2014.6.18,151.6802793
2014.6.19,129.6406601
2014.6.20,219.1327515
2014.6.21,138.5132471
2014.6.22,103.2362708
2014.6.23,981.4051438
2014.6.24,102.2739744
2014.6.25,75.74565002
2014.6.26,104.2237185
2014.6.27,79.6747766
2014.6.28,68.30129978
2014.6.29,38.08900823
2014.6.30,118.7051995
2014.7.1,84.5370925
2014.7.2,131.977473
2014.7.3,119.1688367
2014.7.4,55.51675261
2014.7.5,38.41487221
2014.7.6,80.91184617
2014.7.7,59.00841154
2014.7.8,120.2290396
2014.7.9,40.99579641
2014.7.10,85.95380735
2014.7.11,47.51806861
2014.7.12,44.31718828
2014.7.13,79.04677662
2014.7.14,114.094816
2014.7.15,105.0601547
2014.7.16,74.10702402
2014.7.17,90.07896705
2014.7.18,73.84431223
2014.7.19,139.187787
2014.7.20,118.2867598
2014.7.21,87.69283545
2014.7.22,177.1496557
2014.7.23,80.88526022
2014.7.24,95.84613783
2014.7.25,89.74089787
2014.7.26,78.29062545
2014.7.27,137.5100415
2014.7.28,157.6000609
2014.7.29,26.67266101
2014.7.30,103.8168396
2014.7.31,91.62522481
2014.8.1,64.19383941
2014.8.2,34.05222962
2014.8.3,93.09283841
2014.8.4,76.94844642
2014.8.5,51.32882542
2014.8.6,113.6044061
2014.8.7,70.87265616
2014.8.8,102.6038088
2014.8.9,76.8211784
2014.8.10,45.1680439
2014.8.11,70.01944608
2014.8.12,83.41183147
2014.8.13,189.7893952
2014.8.14,111.7868609
2014.8.15,122.3234813
2014.8.16,27.31567671
2014.8.17,29.85379818
2014.8.18,163.1419209
2014.8.19,77.31438111
2014.8.20,71.29176967
2014.8.21,89.29984283
2014.8.22,179.5158512
2014.8.23,35.20681971
2014.8.24,68.80132027
2014.8.25,122.1599113
2014.8.26,241.4952465
2014.8.27,174.64053
2014.8.28,224.1607672
2014.8.29,166.6193979
2014.8.30,89.32576093
2014.8.31,46.0623788
2014.9.1,151.1834608
2014.9.2,64.31620227
2014.9.3,168.8869543
2014.9.4,123.7133524
2014.9.5,72.62289851
2014.9.6,139.0955414
2014.9.7,77.53438374
2014.9.8,171.8806118
2014.9.9,161.3570006
2014.9.10,263.8800671
2014.9.11,132.3474419
2014.9.12,171.1040223
2014.9.13,148.1897308
2014.9.14,174.5296385
2014.9.15,300.4317513
2014.9.16,179.9302858
2014.9.17,158.516983
2014.9.18,226.8333725
2014.9.19,1223.91572
2014.9.20,258.2599771
2014.9.21,153.8797854
2014.9.22,329.7107667
2014.9.23,490.3146835
2014.9.24,260.2680801
2014.9.25,164.378597
2014.9.26,248.0780766
2014.9.27,391.5175324
2014.9.28,76.63074332
2014.9.29,511.0304334
2014.9.30,272.6751221
2014.10.1,241.568106
2014.10.2,510.7810099
2014.10.3,3718.129592
2014.10.4,342.3404726
2014.10.5,309.2729838
2014.10.6,263.2096424
2014.10.7,339.9240804
2014.10.8,2632.654562
2014.10.9,219.5687328
2014.10.10,2073.939365
2014.10.11,112.9768777
2014.10.12,294.973082
2014.10.13,133.1627773
2014.10.14,262.0682032
2014.10.15,452.1384081
2014.10.16,267.4532267
2014.10.17,147.3608454
2014.10.18,235.257309
2014.10.19,572.0335614
2014.10.20,148.6874655
2014.10.21,427.6220457
2014.10.22,197.8719771
2014.10.23,401.0807838
2014.10.24,139.7601219
2014.10.25,231.1543085
2014.10.26,114.597451
2014.10.27,314.1041007
2014.10.28,168.0525506
2014.10.29,1267.275185
2014.10.30,323.2751851
2014.10.31,118.191512
2014.11.1,102.2405594
2014.11.2,153.1431782
2014.11.3,283.6153338
2014.11.4,8530.406699
2014.11.5,161.6675572
2014.11.6,135.7393082
2014.11.7,257.1221817
2014.11.8,274.7701283
2014.11.9,178.6018612
2014.11.10,125.4384582
2014.11.11,204.8621007
2014.11.12,319.5469948
2014.11.13,239.6757218
2014.11.14,190.2786436
2014.11.15,172.6279462
2014.11.16,128.790616
2014.11.17,17877.7331
2014.11.18,269.6045134
2014.11.19,232.8630175
2014.11.20,224.5489217
2014.11.21,299.8307908
2014.11.22,214.3902077
2014.11.23,286.416041
2014.11.24,389.5855387
2014.11.25,160.7697778
2014.11.26,446.2991586
2014.11.27,152.7684025
2014.11.28,311.5942356
2014.11.29,316.0792279
2014.11.30,175.4309731
2014.12.1,304.5213753
2014.12.2,264.3367899
2014.12.3,160.9063036
2014.12.4,156.1338119
2014.12.5,195.4210728
2014.12.6,92.3195885
2014.12.7,199.117007
2014.12.8,344.2654867
2014.12.9,308.4038732
2014.12.10,321.5976627
2014.12.11,216.7780954
2014.12.12,103.2833049
2014.12.13,156.6363821
2014.12.14,128.1231269
2014.12.15,151.288862
2014.12.16,152.9148087
2014.12.17,146.3339684
2014.12.18,328.9623634
2014.12.19,505.7785968
2014.12.20,619.5633789
2014.12.21,166.163139
2014.12.22,403.8875491
2014.12.23,6639.485825
2014.12.24,398.2971435
2014.12.25,132.0062321
2014.12.26,214.4865738
2014.12.27,101.9358883
2014.12.28,147.9781851
2014.12.29,167.5586642
2014.12.30,204.3035386
2014.12.31,254.3514127
2015.1.1,129.4700589
2015.1.2,368.0745687
2015.1.3,285.5891901
2015.1.4,152.6059995
2015.1.5,354.1294121
2015.1.6,435.3737985
2015.1.7,740.3848255
2015.1.8,470.092614
2015.1.9,661.1422236
2015.1.10,164.2388471
2015.1.11,95.38017588
2015.1.12,297.1805473
2015.1.13,946.2313741
2015.1.14,318.0522355
2015.1.15,797.3568127
2015.1.16,1044.904749
2015.1.17,204.5433628
2015.1.18,186.3415198
2015.1.19,259.8494119
2015.1.20,375.1171962
2015.1.21,10318.02086
2015.1.22,598.5979113
2015.1.23,807.7517603
2015.1.24,266.4202453
2015.1.25,445.203397
2015.1.26,1016.763964
2015.1.27,351.2447962
2015.1.28,3972.09248
2015.1.29,566.6385938
2015.1.30,198.7444695
2015.1.31,369.7826956
2015.2.1,445.5264845
2015.2.2,628.4031182
2015.2.3,287.0545254
2015.2.4,400.6580431
2015.2.5,311.1263737
2015.2.6,1406.101207
2015.2.7,557.2048297
2015.2.8,4175.106488
2015.2.9,864.1065615
2015.2.10,4284.101306
2015.2.11,4340.167149
2015.2.12,229.3891756
2015.2.13,1735.368015
2015.2.14,167.514176
2015.2.15,471.356723
2015.2.16,164.7020289
2015.2.17,138.2862496
2015.2.18,985.6394661
2015.2.19,370.603322
2015.2.20,243.5425919
2015.2.21,197.291813
2015.2.22,208.8984937
2015.2.23,224.796465
2015.2.24,381.5449834
2015.2.25,259.1918545
2015.2.26,213.5982806
2015.2.27,658.409094
2015.2.28,202.417492
2015.3.1,344.5209923
2015.3.2,510.7279143
2015.3.3,388.969363
2015.3.4,227.6153296
2015.3.5,245.8040844
2015.3.6,174.4086674
2015.3.7,194.398197
2015.3.8,211.1713009
2015.3.9,175.9869992
2015.3.10,237.6995763
2015.3.11,194.8758183
2015.3.12,713.7619267
2015.3.13,503.3793857
2015.3.14,247.5098132
2015.3.15,193.1270819
2015.3.16,258.729633
2015.3.17,4251.284566
2015.3.18,385.731746
2015.3.19,924.8016131
2015.3.20,230.2247736
2015.3.21,225.3362858
2015.3.22,2327.663627
2015.3.23,650.0877914
2015.3.24,189.367279
2015.3.25,510.653973
2015.3.26,493.5983327
2015.3.27,316.3313345
2015.3.28,301.8572401
2015.3.29,461.7040943
2015.3.30,365.9426478
2015.3.31,722.7904082
2015.4.1,512.4896775
2015.4.2,759.666073
2015.4.3,849.3690522
2015.4.4,358.4265939
2015.4.5,133.7478414
2015.4.6,442.9851326
2015.4.7,285.4336484
2015.4.8,608.3937622
2015.4.9,269.863253
2015.4.10,438.2193044
2015.4.11,271.7829825
2015.4.12,166.8645678
2015.4.13,6072.3443
2015.4.14,950.8995253
2015.4.15,249.2269162
2015.4.16,403.8609786
2015.4.17,703.4256188
2015.4.18,408.2943948
2015.4.19,202.0435672
2015.4.20,685.4741167
2015.4.21,600.8343372
2015.4.22,1175.199979
2015.4.23,606.38555
2015.4.24,425.1015627
2015.4.25,432.0367026
2015.4.26,288.4429886
2015.4.27,603.1045592
2015.4.28,568.8583641
2015.4.29,161.878423
2015.4.30,526.4575099
2015.5.1,255.1230833
2015.5.2,371.3064059
2015.5.3,447.3222022
2015.5.4,2211.278404
2015.5.5,228.892338
2015.5.6,291.5496088
2015.5.7,720.9669221
2015.5.8,498.5970334
2015.5.9,184.1654434
2015.5.10,303.8666194
2015.5.11,2847.302707
2015.5.12,545.1389627
2015.5.13,951.1142278
2015.5.14,281.5690131
2015.5.15,389.1146052
2015.5.16,433.5115842
2015.5.17,371.4389478
2015.5.18,588.9503392
2015.5.19,557.9098832
2015.5.20,664.1105912
2015.5.21,774.5945826
2015.5.22,494.1485794
2015.5.23,453.6004977
2015.5.24,485.1012412
2015.5.25,605.2672282
2015.5.26,549.7076272
2015.5.27,3414.655481
2015.5.28,292.2938501
2015.5.29,210.6695891
2015.5.30,539.4909242
2015.5.31,465.6608914
2015.6.1,355.3617451
2015.6.2,360.9487295
2015.6.3,575.9999845
2015.6.4,428.6777002
2015.6.5,465.6797215
2015.6.6,364.8589313
2015.6.7,430.2701161
2015.6.8,486.4158952
2015.6.9,246.6475467
2015.6.10,331.8556122
2015.6.11,557.494571
2015.6.12,223.1347756
2015.6.13,187.9650946
2015.6.14,512.5068715
2015.6.15,368.0337292
2015.6.16,3325.867053
2015.6.17,418.1842998
2015.6.18,804.579152
2015.6.19,18590.36343
2015.6.20,210.1077623
2015.6.21,328.5634348
2015.6.22,323.2933445
2015.6.23,390.3980067
2015.6.24,176.3121524
2015.6.25,542.200957
2015.6.26,323.4483427
2015.6.27,212.5208301
2015.6.28,392.366683
2015.6.29,485.5996694
2015.6.30,544.174614
2015.7.1,399.470778
2015.7.2,212.7259352
2015.7.3,349.6316243
2015.7.4,152.3402774
2015.7.5,700.6563331
2015.7.6,482.5258206
2015.7.7,386.461467
2015.7.8,167.2933702
2015.7.9,241.6399866
2015.7.10,583.0332623
2015.7.11,429.8729049
2015.7.12,220.8519846
2015.7.13,382.2310029
2015.7.14,189.6520242
2015.7.15,185.5983713
2015.7.16,285.9179919
2015.7.17,230.9938453
2015.7.18,192.2462852
2015.7.19,2199.208375
2015.7.20,510.4004753
2015.7.21,250.4880997
2015.7.22,288.9874
2015.7.23,381.0548554
2015.7.24,298.1516958
2015.7.25,238.473866
2015.7.26,299.6785518
2015.7.27,244.3940791
2015.7.28,385.3383139
2015.7.29,408.1507163
2015.7.30,224.1416442
2015.7.31,366.3809936
2015.8.1,419.3308163
2015.8.2,319.9053945
2015.8.3,303.3366155
2015.8.4,145.00802
2015.8.5,249.6826465
2015.8.6,138.3511101
2015.8.7,164.341858
2015.8.8,268.763463
2015.8.9,287.0469663
2015.8.10,2245.696196
2015.8.11,320.5076373
2015.8.12,254.3833743
2015.8.13,388.8099352
2015.8.14,318.4547531
2015.8.15,618.4204258
2015.8.16,262.1622602
2015.8.17,431.0034681
2015.8.18,401.7957167
2015.8.19,469.0082323
2015.8.20,396.6105949
2015.8.21,254.2073133
2015.8.22,346.3669733
2015.8.23,351.8797408
2015.8.24,424.5381505
2015.8.25,408.8345265
2015.8.26,677.4335708
2015.8.27,373.4651473
2015.8.28,351.4755308
2015.8.29,269.4471656
2015.8.30,208.2495988
2015.8.31,444.7970212
2015.9.1,418.6885823
2015.9.2,495.6280737
2015.9.3,183.4844515
2015.9.4,186.3467825
2015.9.5,301.9636702
2015.9.6,413.3940861
2015.9.7,543.3695151
2015.9.8,376.5807424
2015.9.9,342.6424411
2015.9.10,2274.325666
2015.9.11,523.4153123
2015.9.12,281.1629934
2015.9.13,358.2859254
2015.9.14,177.7374426
2015.9.15,469.8351684
2015.9.16,335.3196893
2015.9.17,194.6572988
2015.9.18,232.0079742
2015.9.19,140.2620268
2015.9.20,165.9970096
2015.9.21,289.0254287
2015.9.22,654.1598797
2015.9.23,256.4052547
2015.9.24,183.8938694
2015.9.25,327.3186505
2015.9.26,137.4207082
2015.9.27,145.1057046
2015.9.28,2209.31961
2015.9.29,224.1325046
2015.9.30,193.1618034
2015.10.1,234.9847414
2015.10.2,247.5466194
2015.10.3,176.1978876
2015.10.4,187.0752221
2015.10.5,2209.01187
2015.10.6,178.1714327
2015.10.7,195.7210273
2015.10.8,260.2401778
2015.10.9,176.4078286
2015.10.10,162.7786533
2015.10.11,209.3366363
2015.10.12,237.4052328
2015.10.13,284.7651564
2015.10.14,424.4050279
2015.10.15,287.9725738
2015.10.16,239.2747531
2015.10.17,397.2611908
2015.10.18,411.6616157
2015.10.19,239.1282931
2015.10.20,243.0906107
2015.10.21,268.2588589
2015.10.22,217.3438277
2015.10.23,150.8062952
2015.10.24,325.6801276
2015.10.25,3252.41411
2015.10.26,242.0816201
2015.10.27,333.7140956
2015.10.28,168.3994637
2015.10.29,436.3726903
2015.10.30,1312.354151
2015.10.31,690.4475068
2015.11.1,376.8749559
2015.11.2,426.6049293
2015.11.3,1041.664767
2015.11.4,1251.835542
2015.11.5,729.5627364
2015.11.6,628.5785997
2015.11.7,387.5924691
2015.11.8,1198.038453
2015.11.9,626.2485992
2015.11.10,530.459223
2015.11.11,709.0073728
2015.11.12,781.8634057
2015.11.13,722.9691005
2015.11.14,574.8389985
2015.11.15,555.6079648
2015.11.16,559.5866994
2015.11.17,462.1854173
2015.11.18,427.714317
2015.11.19,603.9318408
2015.11.20,459.1058022
2015.11.21,412.3840952
2015.11.22,399.6759554
2015.11.23,554.3275905
2015.11.24,560.0395407
2015.11.25,584.3953689
2015.11.26,661.0435632
2015.11.27,543.2086625
2015.11.28,478.7809688
2015.11.29,305.0823978
2015.11.30,729.9785362
2015.12.1,571.3407107
2015.12.2,776.68052
2015.12.3,463.5025157
2015.12.4,504.1316134
2015.12.5,907.2923413
2015.12.6,512.3156245
2015.12.7,657.8599575
2015.12.8,1066.43696
2015.12.9,817.8612531
2015.12.10,682.2535013
2015.12.11,521.5365327
2015.12.12,532.2432947
2015.12.13,659.1458276
2015.12.14,647.3827934
2015.12.15,937.7802604
2015.12.16,1047.40323
2015.12.17,2611.075951
2015.12.18,907.7182902
2015.12.19,628.2188882
2015.12.20,632.8605445
2015.12.21,776.4551525
2015.12.22,779.0439068
2015.12.23,825.7159568
2015.12.24,850.933662
2015.12.25,504.670255
2015.12.26,857.1276185
2015.12.27,322.6532331
2015.12.28,179.1388227
2015.12.29,272.6908664
2015.12.30,199.9730776
2015.12.31,343.0065323
2016.1.1,271.1346492
2016.1.2,264.2424955
2016.1.3,181.450155
2016.1.4,362.3178969
2016.1.5,270.1021085
2016.1.6,257.3852128
2016.1.7,277.2399967
2016.1.8,1376.940765
2016.1.9,311.5076226
2016.1.10,219.3556748
2016.1.11,258.4730444
2016.1.12,517.3775842
2016.1.13,388.4862393
2016.1.14,276.2593273
2016.1.15,567.609174
2016.1.16,973.1143482
2016.1.17,199.8402642
2016.1.18,464.3958069
2016.1.19,3511.217025
2016.1.20,750.4409469
2016.1.21,1224.174279
2016.1.22,482.0175377
2016.1.23,847.8607843
2016.1.24,727.7319481
2016.1.25,522.5409862
2016.1.26,752.0707978
2016.1.27,512.6246826
2016.1.28,497.3879064
2016.1.29,573.8380315
2016.1.30,647.8468744
2016.1.31,345.3999755
2016.2.1,580.0196337
2016.2.2,997.7744205
2016.2.3,516.6791638
2016.2.4,700.6987634
2016.2.5,659.5548276
2016.2.6,753.9346852
2016.2.7,594.3320297
2016.2.8,461.1758627
2016.2.9,695.2530515
2016.2.10,487.9923999
2016.2.11,678.6322274
2016.2.12,476.3666416
2016.2.13,443.8062911
2016.2.14,686.5431539
2016.2.15,782.9210789
2016.2.16,370.1417199
2016.2.17,765.049233
2016.2.18,448.3633756
2016.2.19,781.7182959
2016.2.20,795.9615326
2016.2.21,414.6653318
2016.2.22,768.4814057
2016.2.23,1274.750577
2016.2.24,1553.404385
2016.2.25,821.1417802
2016.2.26,601.6367223
2016.2.27,507.5844128
2016.2.28,696.1622179
2016.2.29,894.7300184
2016.3.1,1147.213591
2016.3.2,1506.249934
2016.3.3,805.8328902
2016.3.4,692.7947957
2016.3.5,812.0979769
2016.3.6,503.892702
2016.3.7,798.5643587
2016.3.8,999.7907957
2016.3.9,594.8058753
2016.3.10,1056.011868
2016.3.11,640.7809552
2016.3.12,1671.85852
2016.3.13,808.1592325
2016.3.14,648.0274622
2016.3.15,528.8510023
2016.3.16,444.3066747
2016.3.17,3665.94214
2016.3.18,1331.525832
2016.3.19,871.6528504
2016.3.20,612.9581535
2016.3.21,517.713324
2016.3.22,642.7164107
2016.3.23,1330.536935
2016.3.24,560.6882327
2016.3.25,468.33914
2016.3.26,625.0632877
2016.3.27,507.5727111
2016.3.28,782.7215007
2016.3.29,809.0349521
2016.3.30,710.0271916
2016.3.31,470.835067
2016.4.1,555.9371383
2016.4.2,457.1395328
2016.4.3,281.1443169
2016.4.4,365.694683
2016.4.5,775.9287174
2016.4.6,693.8984684
2016.4.7,428.4968747
2016.4.8,435.4098495
2016.4.9,1282.355355
2016.4.10,751.117097
2016.4.11,477.5169266
2016.4.12,1123.952605
2016.4.13,674.9317696
2016.4.14,401.1684844
2016.4.15,252.6441773
2016.4.16,288.2533559
2016.4.17,318.3332385
2016.4.18,251.8404127
2016.4.19,759.3612181
2016.4.20,366.5797703
2016.4.21,1133.935189
2016.4.22,803.0539821
2016.4.23,1049.787961
2016.4.24,677.7312008
2016.4.25,249.3579373
2016.4.26,376.563179
2016.4.27,240.1471582
2016.4.28,250.5396759
2016.4.29,210.0947835
2016.4.30,751.2747903
2016.5.1,267.4203069
2016.5.2,560.661182
2016.5.3,346.0738153
2016.5.4,288.7737275
2016.5.5,276.5773056
2016.5.6,388.3129179
2016.5.7,267.4293565
2016.5.8,365.1157108
2016.5.9,245.4841106
2016.5.10,325.7587606
2016.5.11,438.7997352
2016.5.12,249.5354012
2016.5.13,298.9757673
2016.5.14,275.6777766
2016.5.15,253.1174699
2016.5.16,318.379265
2016.5.17,267.1348295
2016.5.18,280.3894567
2016.5.19,444.4135975
2016.5.20,410.5299994
2016.5.21,283.4313494
2016.5.22,213.9944561
2016.5.23,290.201202
2016.5.24,289.5841941
2016.5.25,291.8891197
2016.5.26,329.1288518
2016.5.27,727.4714932
2016.5.28,1369.51062
2016.5.29,1951.201666
2016.5.30,1383.137212
2016.5.31,743.1421628
2016.6.1,413.9963358
2016.6.2,233.9283348
2016.6.3,679.0023192
2016.6.4,221.7487015
2016.6.5,371.9052746
2016.6.6,265.5906645
2016.6.7,217.1498301
2016.6.8,271.633267
2016.6.9,56249.96514
2016.6.10,198.592905
2016.6.11,202.3512289
2016.6.12,579.633364
2016.6.13,10256.39975
2016.6.14,2456.598349
2016.6.15,30195.89471
2016.6.16,9884.602756
2016.6.17,4551.55763
2016.6.18,669.5757373
2016.6.19,324.2867127
2016.6.20,3669.554544
2016.6.21,1158.365957
2016.6.22,26469.79962
2016.6.23,5247.079569
2016.6.24,2877.014431
2016.6.25,243.2510307
2016.6.26,270.0180965
2016.6.27,2350.270244
2016.6.28,431.7182486
2016.6.29,14414.94179
2016.6.30,4094.959553
2016.7.1,1784.348812
2016.7.2,192.7878844
2016.7.3,184.5199097
2016.7.4,2923.87323
2016.7.5,858.4201969
2016.7.6,17002.72923
2016.7.7,6316.01886
2016.7.8,3993.888408
2016.7.9,203.8567183
2016.7.10,166.6146879
2016.7.11,4479.978483
2016.7.12,1059.083775
2016.7.13,4809.750066
2016.7.14,1866.023277
2016.7.15,1180.108818
2016.7.16,353.1703443
2016.7.17,170.6578571
2016.7.18,922.3576507
2016.7.19,1720.560933
2016.7.20,12178.49785
2016.7.21,3843.664711
2016.7.22,2896.476577
2016.7.23,176.4067062
2016.7.24,259.1897263
2016.7.25,3343.565779
2016.7.26,355.5769157
2016.7.27,4310.972008
2016.7.28,2163.518243
2016.7.29,941.8129808
2016.7.30,162.0391886
2016.7.31,324.9174964
2016.8.1,1748.774712
2016.8.2,499.4008275
2016.8.3,5143.43842
2016.8.4,2037.948024
2016.8.5,826.5521436
2016.8.6,99.29359506
2016.8.7,260.9632512
2016.8.8,1450.753133
2016.8.9,229.8517666
2016.8.10,559.2899088
2016.8.11,2534.501909
2016.8.12,188.4914988
2016.8.13,129.7621833
2016.8.14,138.7371273
2016.8.15,1769.857774
2016.8.16,2439.172353
2016.8.17,5539.518638
2016.8.18,2523.202927
2016.8.19,2286.451474
2016.8.20,117.0062598
2016.8.21,135.7022053
2016.8.22,2514.602066
2016.8.23,2351.383729
2016.8.24,6459.425322
2016.8.25,1628.457353
2016.8.26,2037.574402
2016.8.27,193.9948225
2016.8.28,477.0279034
2016.8.29,1398.63965
2016.8.30,705.4102261
2016.8.31,662.8576162
2016.9.1,6510.641418
2016.9.2,1011.943694
2016.9.3,229.2719844
2016.9.4,271.6323677
2016.9.5,2227.977039
2016.9.6,491.2496223
2016.9.7,6812.121248
2016.9.8,787.4330699
2016.9.9,657.733893
2016.9.10,146.6971468
2016.9.11,161.6193877
2016.9.12,1702.28385
2016.9.13,720.3744345
2016.9.14,1051.339971
2016.9.15,6642.082272
2016.9.16,265.9235508
2016.9.17,127.2637816
2016.9.18,139.9081528
2016.9.19,1707.85788
2016.9.20,354.631429
2016.9.21,4133.003073
2016.9.22,1210.986068
2016.9.23,663.8562726
2016.9.24,270.1030915
2016.9.25,185.0600485
2016.9.26,1590.559005
2016.9.27,483.1429309
2016.9.28,3823.856294
2016.9.29,923.0998733
2016.9.30,847.2801975
2016.10.1,145.0838061
2016.10.2,126.0829598
2016.10.3,702.5834318
2016.10.4,398.703429
2016.10.5,3347.228893
2016.10.6,677.9798532
2016.10.7,1484.600662
2016.10.8,158.7967032
2016.10.9,119.3062249
2016.10.10,168.2974587
2016.10.11,812.9381532
2016.10.12,3180.7317
2016.10.13,2406.722336
2016.10.14,786.906347
2016.10.15,136.208683
2016.10.16,165.8574773
2016.10.17,754.6533739
2016.10.18,1476.069869
2016.10.19,145.6257062
2016.10.20,4560.058007
2016.10.21,439.9316424
2016.10.22,177.3630351
2016.10.23,172.8396564
2016.10.24,1270.142375
2016.10.25,273.378334
2016.10.26,1508.222279
2016.10.27,845.8917219
2016.10.28,570.9219468
2016.10.29,822.4368194
2016.10.30,348.1562079
2016.10.31,2164.834983
2016.11.1,1669.67865
2016.11.2,1229.597551
2016.11.3,1954.446858
2016.11.4,812.0625101
2016.11.5,217.5514218
2016.11.6,133.4003746
2016.11.7,2278.97073
2016.11.8,548.6822135
2016.11.9,2552.116536
2016.11.10,1194.393315
2016.11.11,1029.32009
2016.11.12,178.4716099
2016.11.13,368.0123685
2016.11.14,1420.836039
2016.11.15,251.3867411
2016.11.16,4641.14632
2016.11.17,1027.635505
2016.11.18,775.140852
2016.11.19,356.8896624
2016.11.20,151.3362287
2016.11.21,985.5528173
2016.11.22,447.8336092
2016.11.23,2601.873321
2016.11.24,492.0149558
2016.11.25,547.6817477
2016.11.26,333.99759
2016.11.27,160.1854407
2016.11.28,782.0221324
2016.11.29,161.689856
2016.11.30,559.7760466
2016.12.1,729.6495941
2016.12.2,922.3134251
2016.12.3,212.6884326
2016.12.4,490.3134629
2016.12.5,709.2717755
2016.12.6,262.4408571
2016.12.7,860.6497171
2016.12.8,827.6523099
2016.12.9,364.2546055
2016.12.10,226.3543055
2016.12.11,156.9526919
2016.12.12,162.2405964
2016.12.13,759.6716952
2016.12.14,238.3498525
2016.12.15,321.6392712
2016.12.16,568.8854248
2016.12.17,259.0606618
2016.12.18,170.2214006
2016.12.19,732.3745554
2016.12.20,1168.311882
2016.12.21,323.6467026
2016.12.22,913.7031078
2016.12.23,5624.888035
2016.12.24,586.1144751
2016.12.25,256.1306638
2016.12.26,429.7065434
2016.12.27,1225.304956
2016.12.28,1466.888934
2016.12.29,408.8102318
2016.12.30,2611.151286
2016.12.31,6191.120887
2017.1.1,173.4524074
2017.1.2,394.4657053
2017.1.3,893.8279241
2017.1.4,2193.752826
2017.1.5,3495.032063
2017.1.6,1935.456242
2017.1.7,574.1061432
2017.1.8,326.4245908
2017.1.9,614.7052455
2017.1.10,254.2348966
2017.1.11,516.7361421
2017.1.12,959.0683566
2017.1.13,2087.278114
2017.1.14,198.962122
2017.1.15,176.3974129
2017.1.16,360.1902615
2017.1.17,240.2316888
2017.1.18,351.0971775
2017.1.19,553.1223285
2017.1.20,316.8165954
2017.1.21,340.75257
2017.1.22,341.426014
2017.1.23,715.3282484
2017.1.24,253.9389101
2017.1.25,260.2149093
2017.1.26,389.6742129
2017.1.27,224.3907758
2017.1.28,162.2869952
2017.1.29,197.3326325
2017.1.30,218.8582241
2017.1.31,311.4650783
2017.2.1,284.9722086
2017.2.2,267.0279412
2017.2.3,316.2979686
2017.2.4,225.3071229
2017.2.5,309.2913258
2017.2.6,255.9064798
2017.2.7,290.547852
2017.2.8,242.1604244
2017.2.9,785.1203792
2017.2.10,455.5903996
2017.2.11,159.4364989
2017.2.12,180.4752669
2017.2.13,269.853689
2017.2.14,284.9236945
2017.2.15,334.0803428
2017.2.16,163.4987361
2017.2.17,222.5305064
2017.2.18,178.1505065
2017.2.19,184.7954464
2017.2.20,238.9584689
2017.2.21,696.0720059
2017.2.22,203.4264532
2017.2.23,350.5161685
2017.2.24,410.6749156
2017.2.25,157.044203
2017.2.26,147.4078784
2017.2.27,321.9861593
2017.2.28,248.2232311
2017.3.1,273.1687204
2017.3.2,483.1492123
2017.3.3,1315.822378
2017.3.4,133.6998041
2017.3.5,124.8160019
2017.3.6,370.3421907
2017.3.7,402.9171912
2017.3.8,279.5909421
2017.3.9,439.5375275
2017.3.10,283.755243
2017.3.11,273.2057501
2017.3.12,202.3814437
2017.3.13,251.0706577
2017.3.14,489.4218111
2017.3.15,243.7651468
2017.3.16,1153.066112
2017.3.17,677.23971
2017.3.18,2177.243088
2017.3.19,500.2292462
2017.3.20,448.2531378
2017.3.21,443.7711356
2017.3.22,704.2110712
2017.3.23,269.4959111
2017.3.24,866.4555861
2017.3.25,700.5931009
2017.3.26,220.9356855
2017.3.27,569.6681744
2017.3.28,665.2388774
2017.3.29,388.2551641
2017.3.30,436.7381101
2017.3.31,452.7921674
2017.4.1,226.0280468
2017.4.2,158.8411757
2017.4.3,513.0326655
2017.4.4,619.3364475
2017.4.5,220.9059821
2017.4.6,683.9979711
2017.4.7,1234.26299
2017.4.8,268.6157553
2017.4.9,297.0126352
2017.4.10,488.1070715
2017.4.11,424.5631179
2017.4.12,287.1571459
2017.4.13,318.8459122
2017.4.14,1629.269482
2017.4.15,136.2828981
2017.4.16,267.5987945
2017.4.17,114.0145675
2017.4.18,865.8622405
2017.4.19,264.9003494
2017.4.20,918.1039295
2017.4.21,350.5980125
2017.4.22,266.5755051
2017.4.23,296.9876378
2017.4.24,377.6960301
2017.4.25,421.28545
2017.4.26,595.4044185
2017.4.27,423.1326068
2017.4.28,806.4175516
2017.4.29,618.060795
2017.4.30,1437.617257
2017.5.1,977.5995001
2017.5.2,954.7374454
2017.5.3,441.3578841
2017.5.4,817.8439892
2017.5.5,808.3340524
2017.5.6,256.4959231
2017.5.7,360.7618061
2017.5.8,834.4253649
2017.5.9,1295.119539
2017.5.10,481.3193904
2017.5.11,611.2930482
2017.5.12,488.114517
2017.5.13,335.0693251
2017.5.14,395.9555577
2017.5.15,463.5524327
2017.5.16,336.381707
2017.5.17,1078.461862
2017.5.18,715.6132629
2017.5.19,800.0729664
2017.5.20,909.5209177
2017.5.21,728.8939417
2017.5.22,1286.6822
2017.5.23,693.4647383
2017.5.24,626.2491074
2017.5.25,882.9034704
2017.5.26,518.2261014
2017.5.27,1187.160977
2017.5.28,866.3845042
2017.5.29,984.6699203
2017.5.30,1013.143269
2017.5.31,1235.933641
2017.6.1,1793.025793
2017.6.2,1003.036502
2017.6.3,755.3230817
2017.6.4,657.7977703
2017.6.5,787.0424661
2017.6.6,1694.690199
2017.6.7,994.8846651
2017.6.8,605.0842836
2017.6.9,933.1571419
2017.6.10,1257.91319
2017.6.11,840.2658927
2017.6.12,1326.342357
2017.6.13,863.2090553
2017.6.14,824.3082074
2017.6.15,1592.345431
2017.6.16,611.0730645
2017.6.17,831.6197794
2017.6.18,665.6681634
2017.6.19,855.9271249
2017.6.20,769.5239198
2017.6.21,1277.800987
2017.6.22,1212.265657
2017.6.23,831.2773828
2017.6.24,538.401159
2017.6.25,705.3267866
2017.6.26,1378.151271
2017.6.27,947.0235661
2017.6.28,710.7784967
2017.6.29,454.4298819
2017.6.30,827.6772115
2017.7.1,289.7607988
2017.7.2,388.2835769
2017.7.3,429.5916272
2017.7.4,551.4851699
2017.7.5,422.5889069
2017.7.6,517.1217123
2017.7.7,575.6681378
2017.7.8,202.9716124
2017.7.9,316.211718
2017.7.10,811.9233434
2017.7.11,869.6817315
2017.7.12,794.0370705
2017.7.13,584.0189327
2017.7.14,472.0028805
2017.7.15,612.3014853
2017.7.16,1203.217204
2017.7.17,340.2683889
2017.7.18,1238.54727
2017.7.19,585.4676553
2017.7.20,1306.891541
2017.7.21,730.9755754
2017.7.22,1870.837919
2017.7.23,1271.644741
2017.7.24,310.5126992
2017.7.25,350.9691127
2017.7.26,592.4753755
2017.7.27,623.7555731
2017.7.28,1002.096382
2017.7.29,784.0285949
2017.7.30,829.6941187
2017.7.31,484.796927
2017.8.1,2325.053903
2017.8.2,364.5674871
2017.8.3,150.2810384
2017.8.4,5417.627025
2017.8.5,3425.78658
2017.8.6,580.2892964
2017.8.7,943.8232928
2017.8.8,1117.806884
2017.8.9,658.7218088
2017.8.10,657.6794422
2017.8.11,943.6329703
2017.8.12,3365.937709
2017.8.13,792.0546184
2017.8.14,958.8347253
2017.8.15,1055.347348
2017.8.16,804.4900209
2017.8.17,1060.954164
2017.8.18,914.7743687
2017.8.19,942.4603267
2017.8.20,254.7136554
2017.8.21,631.1501447
2017.8.22,501.7213351
2017.8.23,884.5942001
2017.8.24,482.4060759
2017.8.25,554.1375581
2017.8.26,334.5677053
2017.8.27,323.4477553
2017.8.28,237.3119499
2017.8.29,1662.030743
2017.8.30,1090.365943
2017.8.31,692.7797994
2017.9.1,788.7157031
2017.9.2,565.9656422
2017.9.3,464.9156613
2017.9.4,1720.849383
2017.9.5,1358.754129
2017.9.6,1190.961504
2017.9.7,885.8507992
2017.9.8,1205.78568
2017.9.9,1953.903074
2017.9.10,2300.358669
2017.9.11,801.9933887
2017.9.12,801.2439879
2017.9.13,579.2457376
2017.9.14,2420.56102
2017.9.15,7103.787239
2017.9.16,827.4224313
2017.9.17,393.321714
2017.9.18,822.091377
2017.9.19,1198.597458
2017.9.20,572.8674747
2017.9.21,399.5779573
2017.9.22,382.0061254
2017.9.23,465.4686712
2017.9.24,446.7029043
2017.9.25,1218.648091
2017.9.26,1025.743405
2017.9.27,964.6983193
2017.9.28,842.6733254
2017.9.29,616.2101844
2017.9.30,503.1276377
2017.10.1,257.1389701
2017.10.2,703.9275627
2017.10.3,331.9583686
2017.10.4,251.2757869
2017.10.5,411.9912595
2017.10.6,398.5194748
2017.10.7,224.2415958
2017.10.8,395.0137845
2017.10.9,738.6269669
2017.10.10,1034.572327
2017.10.11,450.2657376
2017.10.12,925.32691
2017.10.13,1790.899168
2017.10.14,348.3677297
2017.10.15,346.76297
2017.10.16,427.3449325
2017.10.17,472.344157
2017.10.18,491.9242307
2017.10.19,501.5959385
2017.10.20,417.6133703
2017.10.21,641.2113892
2017.10.22,331.6366485
2017.10.23,485.6838195
2017.10.24,436.5103311
2017.10.25,353.8167417
2017.10.26,413.1379917
2017.10.27,200.203081
2017.10.28,228.0741654
2017.10.29,529.5133112
2017.10.30,658.2375819
2017.10.31,381.2367197
2017.11.1,430.121997
2017.11.2,457.7806124
2017.11.3,399.0767738
2017.11.4,353.6968884
2017.11.5,362.8173699
2017.11.6,356.6361491
2017.11.7,1432.549075
2017.11.8,813.3299763
2017.11.9,421.1006742
2017.11.10,516.231238
2017.11.11,626.4534181
2017.11.12,856.6831338
2017.11.13,416.624203
2017.11.14,479.6131093
2017.11.15,475.3040016
2017.11.16,904.4347397
2017.11.17,881.7461632
2017.11.18,335.0979261
2017.11.19,465.4411941
2017.11.20,869.6455171
2017.11.21,550.8020259
2017.11.22,461.7244444
2017.11.23,712.2462416
2017.11.24,725.2025903
2017.11.25,428.4139624
2017.11.26,354.2100402
2017.11.27,671.0236498
2017.11.28,1471.993519
2017.11.29,810.3345573
2017.11.30,540.0123793
2017.12.1,527.5383383
2017.12.2,506.4952412
2017.12.3,651.9227023
2017.12.4,751.052693
2017.12.5,839.0017973
2017.12.6,1178.107125
2017.12.7,1567.456167
2017.12.8,887.7134209
2017.12.9,717.4043506
2017.12.10,634.2739156
2017.12.11,1171.418938
2017.12.12,931.271839
2017.12.13,996.2143721
2017.12.14,806.7579653
2017.12.15,1024.495841
2017.12.16,736.7137439
2017.12.17,786.5794059
2017.12.18,808.5651045
2017.12.19,563.860943
2017.12.20,1023.17683
2017.12.21,838.6383838
2017.12.22,1009.756397
2017.12.23,768.1426577
2017.12.24,514.6972375
2017.12.25,733.8791639
2017.12.26,2139.270384
2017.12.27,741.6535984
2017.12.28,587.1672965
2017.12.29,649.8823854
2017.12.30,595.9710008
2017.12.31,496.8164423
2018.1.1,523.7699581
2018.1.2,630.9898674
2018.1.3,1022.16513
2018.1.4,1089.202842
2018.1.5,1490.672302
2018.1.6,1684.570838
2018.1.7,938.0592335
2018.1.8,978.3780287
2018.1.9,848.737425
2018.1.10,1163.102279
2018.1.11,785.7212667
2018.1.12,974.8971887
2018.1.13,979.5367106
2018.1.14,644.8443079
2018.1.15,852.2177014
2018.1.16,1432.786528
2018.1.17,1204.787526
2018.1.18,938.8605614
2018.1.19,558.7338632
2018.1.20,663.5169677
2018.1.21,512.8124259
2018.1.22,473.7031288
2018.1.23,981.477823
2018.1.24,622.1500391
2018.1.25,573.1442895
2018.1.26,547.391535
2018.1.27,505.7194157
2018.1.28,547.3213775
2018.1.29,514.1568205
2018.1.30,1019.309427
2018.1.31,587.8020847
2018.2.1,2421.864446
2018.2.2,1776.86656
2018.2.3,499.9964786
2018.2.4,618.3492442
2018.2.5,1464.365864
2018.2.6,1781.891409
2018.2.7,961.2692802
2018.2.8,351.6874846
2018.2.9,805.5944342
2018.2.10,396.6292613
2018.2.11,318.0080685
2018.2.12,409.4943947
2018.2.13,361.4157396
2018.2.14,568.4682665
2018.2.15,297.1878973
2018.2.16,305.8005564
2018.2.17,402.9808562
2018.2.18,393.3956357
2018.2.19,310.3856906
2018.2.20,668.4452083
2018.2.21,678.8456724
2018.2.22,468.4688725
2018.2.23,340.6387592
2018.2.24,1886.714171
2018.2.25,353.2047444
2018.2.26,520.8885949
2018.2.27,597.0547904
2018.2.28,664.753253
2018.3.1,633.4916717
2018.3.2,863.0928861
2018.3.3,647.7669907
2018.3.4,323.6172562
2018.3.5,685.1419494
2018.3.6,841.6600345
2018.3.7,483.2333949
2018.3.8,370.9524971
2018.3.9,792.6920163
2018.3.10,357.2040406
2018.3.11,316.445807
2018.3.12,615.9541707
2018.3.13,516.4453132
2018.3.14,482.1595489
2018.3.15,749.6407144
2018.3.16,1189.517289
2018.3.17,607.1604056
2018.3.18,544.7869297
2018.3.19,789.3682473
2018.3.20,888.9552824
2018.3.21,567.7701293
2018.3.22,552.7403591
2018.3.23,470.8715348
2018.3.24,338.1343958
2018.3.25,233.0937847
2018.3.26,543.3645723
2018.3.27,566.0226529
2018.3.28,519.0334728
2018.3.29,830.9549937
2018.3.30,1011.873367
2018.3.31,567.7790075
2018.4.1,499.6568827
2018.4.2,938.3994488
2018.4.3,761.154312
2018.4.4,1161.439574
2018.4.5,631.3029992
2018.4.6,570.9916086
2018.4.7,724.6594462
2018.4.8,836.5880351
2018.4.9,613.4100012
2018.4.10,605.5064795
2018.4.11,985.6155159
2018.4.12,1809.677758
2018.4.13,1328.394828
2018.4.14,669.8944361
2018.4.15,697.4511362
2018.4.16,683.0770743
2018.4.17,891.8492149
2018.4.18,1234.674961
2018.4.19,1302.455052
2018.4.20,1075.993116
2018.4.21,875.5056768
2018.4.22,718.668256
2018.4.23,736.5069428
2018.4.24,947.8103698
2018.4.25,1204.235347
2018.4.26,402.2583145
2018.4.27,969.3752473
2018.4.28,1335.36156
2018.4.29,797.0733364
2018.4.30,743.0028482
2018.5.1,543.4227474
2018.5.2,824.7224522
2018.5.3,1365.650063
2018.5.4,1847.64382
2018.5.5,1032.325279
2018.5.6,649.953769
2018.5.7,1192.578182
2018.5.8,980.6580896
2018.5.9,1079.082137
2018.5.10,849.9440349
2018.5.11,1145.188017
2018.5.12,684.0359217
2018.5.13,509.0996669
2018.5.14,772.2376173
2018.5.15,1012.373816
2018.5.16,922.1974996
2018.5.17,558.4939169
2018.5.18,1038.211014
2018.5.19,662.4942003
2018.5.20,781.1854911
2018.5.21,629.7141711
2018.5.22,685.8547328
2018.5.23,1228.698577
2018.5.24,1147.289005
2018.5.25,1455.596072
2018.5.26,509.1054422
2018.5.27,444.8930616
2018.5.28,1384.329181
2018.5.29,1289.914086
2018.5.30,878.5996367
2018.5.31,1160.811606
2018.6.1,1594.903418
2018.6.2,794.1363302
2018.6.3,731.5501544
2018.6.4,733.5423358
2018.6.5,816.3372809
2018.6.6,1700.631494
2018.6.7,1816.042342
2018.6.8,1098.655234
2018.6.9,398.9369883
2018.6.10,422.9354253
2018.6.11,1398.782818
2018.6.12,1565.3173
2018.6.13,1689.01738
2018.6.14,1201.083187
2018.6.15,1704.496363
2018.6.16,686.4360855
2018.6.17,450.147548
2018.6.18,830.5318251
2018.6.19,1478.389688
2018.6.20,933.8553673
2018.6.21,1376.621722
2018.6.22,1402.347189
2018.6.23,1044.216656
2018.6.24,702.3574983
2018.6.25,1484.360376
2018.6.26,1859.545222
2018.6.27,1349.031729
2018.6.28,3537.700886
2018.6.29,895.3760507
2018.6.30,1120.569188
2018.7.1,353.9401667
2018.7.2,1001.446672
2018.7.3,696.6877106
2018.7.4,787.5442894
2018.7.5,891.8818179
2018.7.6,830.8703126
2018.7.7,332.4178538
2018.7.8,572.6603909
2018.7.9,893.3052647
2018.7.10,723.5886179
2018.7.11,662.7066279
2018.7.12,1167.397052
2018.7.13,648.9009964
2018.7.14,369.3011651
2018.7.15,451.8563893
2018.7.16,835.670225
2018.7.17,880.2178555
2018.7.18,913.1737596
2018.7.19,1287.456728
2018.7.20,1023.920479
2018.7.21,628.151379
2018.7.22,616.6093908
2018.7.23,1780.117199
2018.7.24,1710.345142
2018.7.25,1271.783257
2018.7.26,1026.137496
2018.7.27,583.5907744
2018.7.28,483.6397648
2018.7.29,377.984859
2018.7.30,1373.128791
2018.7.31,1304.573988
2018.8.1,1052.710042
2018.8.2,742.0071368
2018.8.3,1590.510127
2018.8.4,683.9203095
2018.8.5,470.3467202
2018.8.6,682.4645101
2018.8.7,1261.761817
2018.8.8,1299.117869
2018.8.9,973.4477587
2018.8.10,1041.026027
2018.8.11,700.9486994
2018.8.12,627.4350298
2018.8.13,1388.85911
2018.8.14,1528.513601
2018.8.15,1525.859042
2018.8.16,991.9140697
2018.8.17,1083.126839
2018.8.18,690.0402902
2018.8.19,431.3643547
2018.8.20,972.6005005
2018.8.21,1136.235578
2018.8.22,2060.125858
2018.8.23,6852.69398
2018.8.24,2025.913425
2018.8.25,1265.381765
2018.8.26,874.0739681
2018.8.27,968.8226192
2018.8.28,1162.283159
2018.8.29,1611.709654
2018.8.30,2214.791264
2018.8.31,1839.059028
2018.9.1,1307.550995
2018.9.2,824.0964049
2018.9.3,1130.260227
2018.9.4,1280.824537
2018.9.5,1675.810943
2018.9.6,1242.844832
2018.9.7,858.6465766
2018.9.8,442.3203407
2018.9.9,475.709171
2018.9.10,730.6882216
2018.9.11,1154.872234
2018.9.12,1841.660717
2018.9.13,1120.864705
2018.9.14,898.1172495
2018.9.15,511.0245009
2018.9.16,374.5988014
2018.9.17,664.7697285
2018.9.18,518.2307816
2018.9.19,774.2000188
2018.9.20,989.2531684
2018.9.21,967.4874972
2018.9.22,608.1682239
2018.9.23,417.5905861
2018.9.24,719.3915885
2018.9.25,1085.24981
2018.9.26,797.0459254
2018.9.27,645.9554644
2018.9.28,1433.041515
2018.9.29,629.2831967
2018.9.30,1246.520996
2018.10.1,847.9884943
2018.10.2,822.7733449
2018.10.3,718.9522786
2018.10.4,861.0608929
2018.10.5,639.8106817
2018.10.6,515.3625263
2018.10.7,387.2934444
2018.10.8,1002.395257
2018.10.9,1083.072776
2018.10.10,1136.551075
2018.10.11,1295.084929
2018.10.12,619.8820352
2018.10.13,568.7608347
2018.10.14,313.4936222
2018.10.15,1079.898235
2018.10.16,1294.845235
2018.10.17,1061.17547
2018.10.18,822.3042635
2018.10.19,975.6705803
2018.10.20,551.9889476
2018.10.21,561.3376005
2018.10.22,1056.322767
2018.10.23,1098.886922
2018.10.24,577.1191786
2018.10.25,1137.507986
2018.10.26,958.1379241
2018.10.27,454.0726111
2018.10.28,382.8992181
2018.10.29,925.2224223
2018.10.30,791.1561786
2018.10.31,904.8339438
2018.11.1,884.3815081
2018.11.2,1076.095178
2018.11.3,327.4626768
2018.11.4,429.9877796
2018.11.5,1030.537738
2018.11.6,788.8069846
2018.11.7,856.3509584
2018.11.8,713.1690422
2018.11.9,871.3169929
2018.11.10,588.9080748
2018.11.11,431.4162768
2018.11.12,1305.115321
2018.11.13,984.4374549
2018.11.14,785.9709199
2018.11.15,1414.786999
2018.11.16,730.0058328
2018.11.17,584.2133996
2018.11.18,627.4850297
2018.11.19,1406.449819
2018.11.20,2258.247592
2018.11.21,1069.338644
2018.11.22,1014.645826
2018.11.23,1524.094068
2018.11.24,1386.794562
2018.11.25,1596.841652
2018.11.26,1325.805012
2018.11.27,1456.636567
2018.11.28,3753.774791
2018.11.29,935.932745
2018.11.30,1092.287573
2018.12.1,448.3084677
2018.12.2,469.8758319
2018.12.3,800.9205561
2018.12.4,1111.81561
2018.12.5,1751.094954
2018.12.6,1094.022802
2018.12.7,2448.54095
2018.12.8,1229.630041
2018.12.9,543.5969412
2018.12.10,1133.669369
2018.12.11,1025.813869
2018.12.12,1779.914747
2018.12.13,1120.691045
2018.12.14,1107.246938
2018.12.15,700.5868494
2018.12.16,650.6262426
2018.12.17,2521.696559
2018.12.18,1056.652449
2018.12.19,1453.73927
2018.12.20,1183.820877
2018.12.21,1105.122534
2018.12.22,726.1563549
2018.12.23,680.0956566
2018.12.24,1078.731943
2018.12.25,766.0870859
2018.12.26,907.6673029
2018.12.27,826.8031097
2018.12.28,990.7812813
2018.12.29,868.1170801
2018.12.30,497.5749443
2018.12.31,882.974831
2019.1.1,558.0980939
2019.1.2,933.360373
2019.1.3,762.337559
2019.1.4,802.1161095
2019.1.5,3082.136169
2019.1.6,560.0986567
2019.1.7,766.0174715
2019.1.8,921.4738611
2019.1.9,4142.283503
2019.1.10,1184.619653
2019.1.11,709.6098486
2019.1.12,541.0159083
2019.1.13,489.5355577
2019.1.14,1051.256663
2019.1.15,735.051273
2019.1.16,737.1182681
2019.1.17,667.6810275
2019.1.18,1473.828242
2019.1.19,737.3385893
2019.1.20,484.8327146
2019.1.21,680.799086
2019.1.22,669.3712089
2019.1.23,706.3020836
2019.1.24,867.3780228
2019.1.25,691.7791223
2019.1.26,474.8505845
2019.1.27,400.8693822
2019.1.28,876.2186433
2019.1.29,879.7577701
2019.1.30,892.900019
2019.1.31,1386.487206
2019.2.1,1128.86148
2019.2.2,632.2053691
2019.2.3,555.4991711
2019.2.4,684.4361426
2019.2.5,654.4120948
2019.2.6,3210.900614
2019.2.7,561.1693611
2019.2.8,650.0189853
2019.2.9,631.8978091
2019.2.10,450.8232801
2019.2.11,699.4233127
2019.2.12,988.1541883
2019.2.13,1100.852883
2019.2.14,940.8600748
2019.2.15,977.3401702
2019.2.16,809.9135976
2019.2.17,411.8228222
2019.2.18,1262.639533
2019.2.19,1804.683022
2019.2.20,1038.588149
2019.2.21,1108.46407
2019.2.22,1068.851162
2019.2.23,804.3872323
2019.2.24,861.8974335
2019.2.25,952.4068438
2019.2.26,1121.321675
2019.2.27,1199.926454
2019.2.28,1312.769377
2019.3.1,1295.431437
2019.3.2,852.2629235
2019.3.3,776.0157256
2019.3.4,1125.625708
2019.3.5,685.6103855
2019.3.6,1018.222585
2019.3.7,1072.502415
2019.3.8,1024.099129
2019.3.9,908.9588511
2019.3.10,649.6202675
2019.3.11,948.3417146
2019.3.12,1503.695708
2019.3.13,1256.801028
2019.3.14,1377.10319
2019.3.15,1036.656545
2019.3.16,841.036158
2019.3.17,465.4898197
2019.3.18,645.1453516
2019.3.19,1088.392841
2019.3.20,1190.726654
2019.3.21,1267.903786
2019.3.22,1218.151762
2019.3.23,620.3013729
2019.3.24,463.4266473
2019.3.25,1250.823278
2019.3.26,4827.738226
2019.3.27,1077.900303
2019.3.28,1006.865151
2019.3.29,1737.691512
2019.3.30,719.9561784
2019.3.31,722.1216938
2019.4.1,802.6738826
2019.4.2,1824.313817
2019.4.3,1788.800178
2019.4.4,1137.327359
2019.4.5,676.0089944
2019.4.6,763.0075872
2019.4.7,666.0923782
2019.4.8,2303.900745
2019.4.9,1002.648681
2019.4.10,781.688839
2019.4.11,1137.675063
2019.4.12,579.6385379
2019.4.13,452.6593274
2019.4.14,328.3159885
2019.4.15,749.7052126
2019.4.16,694.7949629
2019.4.17,1005.976362
2019.4.18,852.2427291
2019.4.19,1003.340155
2019.4.20,388.3764545
2019.4.21,596.3661847
2019.4.22,656.3687346
2019.4.23,593.9046619
2019.4.24,1336.604567
2019.4.25,674.1124281
2019.4.26,1068.231625
2019.4.27,369.5243277
2019.4.28,1554.389274
2019.4.29,975.9882573
2019.4.30,1230.195238
2019.5.1,423.092294
2019.5.2,632.1264878
2019.5.3,1024.172154
2019.5.4,829.3334874
2019.5.5,1230.421976
2019.5.6,1365.118633
2019.5.7,1189.289652
2019.5.8,1163.016165
2019.5.9,1052.31782
2019.5.10,1052.071916
2019.5.11,695.8718113
2019.5.12,1004.821234
2019.5.13,1104.505938
2019.5.14,1502.421755
2019.5.15,1272.724885
2019.5.16,1284.881988
2019.5.17,1440.906188
2019.5.18,461.533137
2019.5.19,914.3994589
2019.5.20,922.634138
2019.5.21,876.732126
2019.5.22,861.2892491
2019.5.23,667.7999893
2019.5.24,1693.810769
2019.5.25,774.5959115
2019.5.26,762.1985594
2019.5.27,1903.79463
2019.5.28,1177.145484
2019.5.29,1943.643575
2019.5.30,798.7310497
2019.5.31,746.9390169
2019.6.1,500.6406746
2019.6.2,782.4617473
2019.6.3,1104.563694
2019.6.4,849.2886279
2019.6.5,1748.347026
2019.6.6,777.409294
2019.6.7,720.8467921
2019.6.8,460.4498427
2019.6.9,407.6520214
2019.6.10,1181.142284
2019.6.11,932.6585395
2019.6.12,733.3180883
2019.6.13,829.8718305
2019.6.14,2562.577501
2019.6.15,926.7462974
2019.6.16,1324.358287
2019.6.17,1218.15599
2019.6.18,1030.303206
2019.6.19,1166.230811
2019.6.20,1014.596073
2019.6.21,1135.653713
2019.6.22,1359.313751
2019.6.23,860.9878739
2019.6.24,1537.662914
2019.6.25,1687.713858
2019.6.26,2247.2244
2019.6.27,3098.040368
2019.6.28,2099.089962
2019.6.29,998.9113471
2019.6.30,684.7699973
2019.7.1,1846.6701
2019.7.2,1001.507458
2019.7.3,1072.342783
2019.7.4,1448.248951
2019.7.5,719.3259985
2019.7.6,589.0649246
2019.7.7,467.4765661
2019.7.8,1206.878765
2019.7.9,1280.829631
2019.7.10,1316.819496
2019.7.11,563.3220095
2019.7.12,1151.485764
2019.7.13,609.8937612
2019.7.14,520.4205824
2019.7.15,880.5288312
2019.7.16,773.6089431
2019.7.17,947.4657677
2019.7.18,698.2320952
2019.7.19,1084.084286
2019.7.20,695.8574259
2019.7.21,465.3632361
2019.7.22,540.0534016
2019.7.23,834.3745062
2019.7.24,761.7232328
2019.7.25,538.6299592
2019.7.26,752.9257681
2019.7.27,512.8126561
2019.7.28,383.2040686
2019.7.29,711.3177086
2019.7.30,757.9001442
2019.7.31,1462.628325
2019.8.1,1904.240082
2019.8.2,6131.606354
2019.8.3,780.1373501
2019.8.4,911.2559644
2019.8.5,1170.947048
2019.8.6,1440.896201
2019.8.7,969.3753732
2019.8.8,1135.902802
2019.8.9,1482.49935
2019.8.10,712.1054443
2019.8.11,572.4256411
2019.8.12,921.7789666
2019.8.13,680.6969849
2019.8.14,1056.804405
2019.8.15,1111.974071
2019.8.16,529.8003167
2019.8.17,586.4808111
2019.8.18,482.7978765
2019.8.19,1099.985994
2019.8.20,880.5269775
2019.8.21,802.6849063
2019.8.22,772.3577404
2019.8.23,693.5191476
2019.8.24,690.7017219
2019.8.25,737.3190423
2019.8.26,1256.258921
2019.8.27,781.4890558
2019.8.28,1404.215245
2019.8.29,1496.419912
2019.8.30,993.9575346
2019.8.31,1272.983156
2019.9.1,1099.589092
2019.9.2,1168.002999
2019.9.3,1853.50206
2019.9.4,1195.618419
2019.9.5,1632.224581
2019.9.6,1165.562215
2019.9.7,789.2428558
2019.9.8,812.7984524
2019.9.9,725.9053528
2019.9.10,1599.408442
2019.9.11,1295.875536
2019.9.12,1379.341896
2019.9.13,945.7890677
2019.9.14,854.863518
2019.9.15,553.9393638
2019.9.16,517.4294623
2019.9.17,819.7745773
2019.9.18,701.8415952
2019.9.19,638.0509873
2019.9.20,946.089964
2019.9.21,493.417342
2019.9.22,514.4591063
2019.9.23,863.3721034
2019.9.24,1076.08489
2019.9.25,1362.114917
2019.9.26,650.5052544
2019.9.27,1579.979494
2019.9.28,641.2656946
2019.9.29,607.4081757
2019.9.30,1243.351081
2019.10.1,1125.812967
2019.10.2,615.8606699
2019.10.3,682.9943296
2019.10.4,608.2086534
2019.10.5,751.354169
2019.10.6,676.3716639
2019.10.7,707.1783824
2019.10.8,787.2032987
2019.10.9,885.3038477
2019.10.10,1337.877003
2019.10.11,769.221862
2019.10.12,901.950201
2019.10.13,631.5829862
2019.10.14,1429.026718
2019.10.15,797.8061749
2019.10.16,853.9244803
2019.10.17,1130.543969
2019.10.18,812.7116215
2019.10.19,635.0672564
2019.10.20,667.2565586
2019.10.21,1042.932459
2019.10.22,1007.280088
2019.10.23,835.6633308
2019.10.24,610.8742761
2019.10.25,1204.783436
2019.10.26,1312.807531
2019.10.27,908.2532933
2019.10.28,2823.555887
2019.10.29,856.9225675
2019.10.30,1157.445429
2019.10.31,1059.065668
2019.11.1,949.6089215
2019.11.2,446.1212492
2019.11.3,545.8745161
2019.11.4,1270.082257
2019.11.5,1200.43412
2019.11.6,960.60457
2019.11.7,1073.694174
2019.11.8,737.9873188
2019.11.9,542.5650997
2019.11.10,545.2807036
2019.11.11,835.7220112
2019.11.12,858.2769851
2019.11.13,782.0836787
2019.11.14,888.9157763
2019.11.15,871.9777231
2019.11.16,511.6146896
2019.11.17,787.5257609
2019.11.18,1284.64073
2019.11.19,3987.188373
2019.11.20,1188.894099
2019.11.21,1145.821919
2019.11.22,1166.869893
2019.11.23,770.6878114
2019.11.24,1911.746943
2019.11.25,1196.092906
2019.11.26,912.9742613
2019.11.27,1018.246315
2019.11.28,1408.555218
2019.11.29,1855.471228
2019.11.30,767.2697105
2019.12.1,680.2971058
2019.12.2,1022.845617
2019.12.3,959.2689764
2019.12.4,1239.496363
2019.12.5,987.8079109
2019.12.6,1018.084414
2019.12.7,566.6536692
2019.12.8,721.1213985
2019.12.9,1101.561925
2019.12.10,1164.256235
2019.12.11,1087.00568
2019.12.12,1552.800012
2019.12.13,2484.780743
2019.12.14,954.7975019
2019.12.15,647.9675776
2019.12.16,1129.474345
2019.12.17,1079.019284
2019.12.18,1640.290247
2019.12.19,1469.047786
2019.12.20,1327.230103
2019.12.21,583.4884665
2019.12.22,686.9408216
2019.12.23,1384.015008
2019.12.24,2381.891486
2019.12.25,1105.367625
2019.12.26,1775.930157
2019.12.27,810.4159187
2019.12.28,1676.013785
2019.12.29,906.0783893
2019.12.30,1027.262702
2019.12.31,1023.841348
2020.1.1,666.1830247
2020.1.2,1287.93265
2020.1.3,868.9846952
2020.1.4,724.4984849
2020.1.5,897.6510335
2020.1.6,1003.984287
2020.1.7,1473.965473
2020.1.8,1209.052767
2020.1.9,1645.733256
2020.1.10,1363.980186
2020.1.11,1348.864123
2020.1.12,539.0729018
2020.1.13,1532.707844
2020.1.14,1741.130841
2020.1.15,1606.015919
2020.1.16,1583.261366
2020.1.17,1126.631145
2020.1.18,971.2677516
2020.1.19,1164.514443
2020.1.20,991.649343
2020.1.21,1828.917249
2020.1.22,1346.645474
2020.1.23,821.6155201
2020.1.24,805.7321236
2020.1.25,570.0764399
2020.1.26,782.7037584
2020.1.27,727.5398527
2020.1.28,1442.277022
2020.1.29,949.1195696
2020.1.30,1199.807355
2020.1.31,929.5384627
2020.2.1,906.2248168
2020.2.2,762.4027267
2020.2.3,1075.593159
2020.2.4,1016.472573
2020.2.5,1483.004972
2020.2.6,2331.465575
2020.2.7,1190.460184
2020.2.8,949.3153067
2020.2.9,954.1202797
2020.2.10,1287.562767
2020.2.11,1221.419421
2020.2.12,1303.426158
2020.2.13,1508.326497
2020.2.14,892.4780185
2020.2.15,691.656358
2020.2.16,723.8969472
2020.2.17,831.9686895
2020.2.18,929.711085
2020.2.19,1466.102058
2020.2.20,821.2886996
2020.2.21,937.2498585
2020.2.22,751.6152439
2020.2.23,776.0632894
2020.2.24,782.3255326
2020.2.25,1028.963293
2020.2.26,1227.145514
2020.2.27,872.3372148
2020.2.28,900.5590717
2020.2.29,894.8359703
2020.3.1,586.1389365
2020.3.2,1270.871998
2020.3.3,753.2803157
2020.3.4,968.448109
2020.3.5,1062.835367
2020.3.6,1209.171959
2020.3.7,746.7398834
2020.3.8,823.4395441
2020.3.9,1532.71767
2020.3.10,1533.571276
2020.3.11,2148.494249
2020.3.12,3746.181873
2020.3.13,3689.311633
2020.3.14,1414.538031
2020.3.15,886.630219
2020.3.16,2431.777225
2020.3.17,1522.188027
2020.3.18,1229.759773
2020.3.19,1232.12181
2020.3.20,1813.880882
2020.3.21,648.5407494
2020.3.22,612.4301538
2020.3.23,777.476348
2020.3.24,2935.901416
2020.3.25,887.9573882
2020.3.26,1741.788795
2020.3.27,1442.424499
2020.3.28,1020.759593
2020.3.29,752.0849672
2020.3.30,1470.762321
2020.3.31,2171.018858
2020.4.1,1158.450486
2020.4.2,1566.59476
2020.4.3,989.5570423
2020.4.4,814.7074738
2020.4.5,799.9826674
2020.4.6,1230.094626
2020.4.7,1006.990349
2020.4.8,1108.226228
2020.4.9,826.4207262
2020.4.10,1049.883621
2020.4.11,650.8087951
2020.4.12,777.7762872
2020.4.13,1014.711229
2020.4.14,1048.241829
2020.4.15,1247.480277
2020.4.16,1196.407586
2020.4.17,2942.980876
2020.4.18,1354.047324
2020.4.19,721.1401245
2020.4.20,991.0117693
2020.4.21,1006.78554
2020.4.22,939.1445252
2020.4.23,939.7064113
2020.4.24,980.7439884
2020.4.25,679.0688614
2020.4.26,836.7377804
2020.4.27,1246.523483
2020.4.28,1176.37596
2020.4.29,1125.784498
2020.4.30,1645.187698
2020.5.1,818.7081217
2020.5.2,2204.72202
2020.5.3,1241.380948
2020.5.4,804.4072425
2020.5.5,1563.251851
2020.5.6,1551.92166
2020.5.7,2658.135224
2020.5.8,2662.288205
2020.5.9,1170.436354
2020.5.10,888.2210538
2020.5.11,1017.677073
2020.5.12,1069.670088
2020.5.13,802.7949816
2020.5.14,932.2919168
2020.5.15,610.7129105
2020.5.16,703.311607
2020.5.17,392.5795131
2020.5.18,648.1470435
2020.5.19,1267.968225
2020.5.20,901.044055
2020.5.21,464.7084145
2020.5.22,962.0146731
2020.5.23,240.0985846
2020.5.24,467.4465433
2020.5.25,485.4782009
2020.5.26,944.0216921
2020.5.27,958.0878556
2020.5.28,646.3663431
2020.5.29,560.2698603
2020.5.30,459.8619676
2020.5.31,547.5273673
2020.6.1,650.2471075
2020.6.2,1738.697541
2020.6.3,574.9853153
2020.6.4,1428.183672
2020.6.5,629.643811
2020.6.6,273.8094962
2020.6.7,363.7789111
2020.6.8,599.1484846
2020.6.9,489.7820028
2020.6.10,1439.400574
2020.6.11,710.9287318
2020.6.12,897.0306569
2020.6.13,800.6557426
2020.6.14,374.0532267
2020.6.15,963.7233073
2020.6.16,692.7511817
2020.6.17,681.7561186
2020.6.18,831.8804027
2020.6.19,596.9728743
2020.6.20,743.8395927
2020.6.21,338.7927437
2020.6.22,1197.333618
2020.6.23,817.7754757
2020.6.24,1204.615659
2020.6.25,484.5470752
2020.6.26,428.5796067
2020.6.27,1004.061916
2020.6.28,782.6397368
2020.6.29,649.8174213
2020.6.30,1202.041909
2020.7.1,1324.845352
2020.7.2,900.1214391
2020.7.3,860.0331042
2020.7.4,557.719379
2020.7.5,434.095444
2020.7.6,812.8263917
2020.7.7,618.3013251
2020.7.8,1306.670973
2020.7.9,565.4257593
2020.7.10,1000.867563
2020.7.11,475.8776664
2020.7.12,656.2271672
2020.7.13,656.9655505
2020.7.14,609.8590364
2020.7.15,965.7045611
2020.7.16,541.3182312
2020.7.17,1007.470607
2020.7.18,549.4015252
2020.7.19,566.9454654
2020.7.20,902.3636518
2020.7.21,760.9328737
2020.7.22,658.9231344
2020.7.23,718.6928657
2020.7.24,600.3712062
2020.7.25,684.5695049
2020.7.26,712.7707082
2020.7.27,1400.588694
2020.7.28,2020.781057
2020.7.29,1413.990139
2020.7.30,1346.282822
2020.7.31,1434.633251
2020.8.1,1455.619604
2020.8.2,971.8844045
2020.8.3,1298.462883
2020.8.4,1088.726931
2020.8.5,809.7947857
2020.8.6,851.7143846
2020.8.7,878.1049622
2020.8.8,661.3580921
2020.8.9,624.0623378
2020.8.10,1105.092363
2020.8.11,917.0973669
2020.8.12,689.4306602
2020.8.13,804.6121195
2020.8.14,1516.309329
2020.8.15,697.4135446
2020.8.16,530.4127222
2020.8.17,1130.360566
2020.8.18,1246.723169
2020.8.19,527.0291665
2020.8.20,627.9549482
2020.8.21,1313.38637
2020.8.22,440.5293802
2020.8.23,455.7550659
2020.8.24,809.0200127
2020.8.25,634.8001011
2020.8.26,718.867895
2020.8.27,1001.800944
2020.8.28,630.9840019
2020.8.29,683.7773693
2020.8.30,530.9093827
2020.8.31,907.3265621
2020.9.1,1114.706475
2020.9.2,974.9083774
2020.9.3,1294.444265
2020.9.4,1099.991515
2020.9.5,563.7505448
2020.9.6,516.3428342
2020.9.7,654.6176326
2020.9.8,639.9045315
2020.9.9,701.7544269
2020.9.10,839.6861236
2020.9.11,502.0289565
2020.9.12,467.8596756
2020.9.13,1429.329403
2020.9.14,1425.030676
2020.9.15,598.6709645
2020.9.16,496.7736377
2020.9.17,645.8510029
2020.9.18,970.7502928
2020.9.19,578.1781449
2020.9.20,1597.831573
2020.9.21,1087.729646
2020.9.22,988.2644923
2020.9.23,482.2320468
2020.9.24,612.0060936
2020.9.25,665.6035594
2020.9.26,833.0492355
2020.9.27,634.3467974
2020.9.28,1383.186219
2020.9.29,1154.797788
2020.9.30,861.2200531
2020.10.1,636.2111496
2020.10.2,536.6310865
2020.10.3,387.3568092
2020.10.4,419.1097985
2020.10.5,577.5706929
2020.10.6,613.7234392
2020.10.7,651.7367627
2020.10.8,520.6327795
2020.10.9,1147.151024
2020.10.10,872.5567356
2020.10.11,1513.134283
2020.10.12,951.0708972
2020.10.13,1146.437873
2020.10.14,838.6658641
2020.10.15,975.0352187
2020.10.16,2020.121783
2020.10.17,578.614729
2020.10.18,477.9369627
2020.10.19,1080.487931
2020.10.20,924.9685347
2020.10.21,1182.751282
2020.10.22,1909.694143
2020.10.23,730.2395958
2020.10.24,591.018251
2020.10.25,517.5384556
2020.10.26,1014.567657
2020.10.27,1329.800613
2020.10.28,1330.257294
2020.10.29,409.1551719
2020.10.30,947.5515842
2020.10.31,1392.175013
2020.11.1,462.0090263
2020.11.2,925.1831944
2020.11.3,843.3515834
2020.11.4,934.011706
2020.11.5,1520.728091
2020.11.6,2302.930394
2020.11.7,634.567983
2020.11.8,1693.267573
2020.11.9,894.2236638
2020.11.10,491.9524729
2020.11.11,772.6904388
2020.11.12,1411.561995
2020.11.13,782.9082551
2020.11.14,579.3537665
2020.11.15,484.5583338
2020.11.16,976.5181407
2020.11.17,1169.020692
2020.11.18,1475.97309
2020.11.19,1067.032788
2020.11.20,1155.972809
2020.11.21,630.5870085
2020.11.22,612.0720204
2020.11.23,728.9277557
2020.11.24,1267.808258
2020.11.25,864.3127526
2020.11.26,1357.88598
2020.11.27,457.544791
2020.11.28,479.4171633
2020.11.29,431.482098
2020.11.30,1030.238896
2020.12.1,868.1304018
2020.12.2,562.7622024
2020.12.3,747.2321483
2020.12.4,1590.20644
2020.12.5,465.9032726
2020.12.6,320.285053
2020.12.7,793.6707524
2020.12.8,409.271872
2020.12.9,735.9421926
2020.12.10,1081.754562
2020.12.11,694.568711
2020.12.12,630.044422
2020.12.13,448.7317434
2020.12.14,679.3668173
2020.12.15,657.38031
2020.12.16,1123.501334
2020.12.17,1567.855725
2020.12.18,1152.157375
2020.12.19,935.5168995
2020.12.20,1125.055877
2020.12.21,1047.496061
2020.12.22,523.7182742
2020.12.23,775.5974032
2020.12.24,1455.428841
2020.12.25,729.4202545
2020.12.26,514.1404497
2020.12.27,3230.533689
2020.12.28,1071.717773
2020.12.29,512.4133335
2020.12.30,817.1498818
2020.12.31,1012.038525
2021.1.1,701.2295362
2021.1.2,1104.548448
2021.1.3,1844.728709
2021.1.4,1117.027727
2021.1.5,477.1980153
2021.1.6,1267.075403
2021.1.7,1718.621084
2021.1.8,1827.085547
2021.1.9,1358.629647
2021.1.10,710.934337
2021.1.11,1311.190608
2021.1.12,1296.84575
2021.1.13,414.756156
2021.1.14,622.3548039
2021.1.15,498.4524507
2021.1.16,366.3577322
2021.1.17,1343.60973
2021.1.18,464.3091591
2021.1.19,614.1575524
2021.1.20,708.346952
2021.1.21,1001.368537
2021.1.22,886.7673203
2021.1.23,325.9550002
2021.1.24,412.2792402
2021.1.25,966.2076363
2021.1.26,2051.059645
2021.1.27,2016.997393
2021.1.28,928.6723873
2021.1.29,1462.208119
2021.1.30,349.5945539
2021.1.31,351.1096101
2021.2.1,574.7354402
2021.2.2,1309.786023
2021.2.3,534.8719687
2021.2.4,655.9598503
2021.2.5,965.0188995
2021.2.6,890.5206031
2021.2.7,612.424532
2021.2.8,1082.670361
2021.2.9,957.6281652
2021.2.10,826.0023851
2021.2.11,376.9625776
2021.2.12,560.5758443
2021.2.13,415.3380143
2021.2.14,888.2079523
2021.2.15,453.0412016
2021.2.16,620.026496
2021.2.17,1110.391541
2021.2.18,1265.254051
2021.2.19,1116.412431
2021.2.20,2201.053195
2021.2.21,596.2664155
2021.2.22,2036.547252
2021.2.23,1344.836156
2021.2.24,491.3941038
2021.2.25,982.1158899
2021.2.26,583.6327499
2021.2.27,720.1481079
2021.2.28,923.0953755
2021.3.1,913.5530647
2021.3.2,587.7625416
2021.3.3,523.8330915
2021.3.4,574.3917951
2021.3.5,483.891077
2021.3.6,349.4047967
2021.3.7,1135.808109
2021.3.8,742.9080025
2021.3.9,896.0353245
2021.3.10,621.8712903
2021.3.11,825.3003057
2021.3.12,762.1074663
2021.3.13,608.3089466
2021.3.14,784.0284951
2021.3.15,684.9736675
2021.3.16,714.4950747
2021.3.17,779.6801573
2021.3.18,766.5965017
2021.3.19,514.6820985
2021.3.20,300.3331256
2021.3.21,233.4117537
2021.3.22,787.769511
2021.3.23,620.1119568
2021.3.24,1259.786596
2021.3.25,977.2188676
2021.3.26,422.4996603
2021.3.27,297.9231257
2021.3.28,327.5177702
2021.3.29,623.8312333
2021.3.30,1926.950897
2021.3.31,441.9767266
2021.4.1,768.269512
2021.4.2,420.8376002
2021.4.3,401.602215
2021.4.4,398.2322398
2021.4.5,543.6841381
2021.4.6,685.8381577
2021.4.7,898.5035102
2021.4.8,439.8700177
2021.4.9,1328.789862
2021.4.10,610.3384436
2021.4.11,394.9489549
2021.4.12,909.9878063
2021.4.13,755.4343685
2021.4.14,592.649301
2021.4.15,576.6522723
2021.4.16,718.4939737
2021.4.17,465.4420389
2021.4.18,338.1352283
2021.4.19,540.5788638
2021.4.20,846.5795899
2021.4.21,438.4028071
2021.4.22,768.4845897
2021.4.23,983.7286415
2021.4.24,411.6743406
2021.4.25,618.105625
2021.4.26,545.6994152
2021.4.27,394.7787592
2021.4.28,424.6244073
2021.4.29,976.2746848
2021.4.30,688.5883181
2021.5.1,399.6996643
2021.5.2,278.7263071
2021.5.3,524.6949984
2021.5.4,433.9547953
2021.5.5,339.2219486
2021.5.6,892.084045
2021.5.7,860.5639082
2021.5.8,711.7951565
2021.5.9,351.9614002
2021.5.10,1267.803452
2021.5.11,948.4151975
2021.5.12,779.4293631
2021.5.13,1447.899922
2021.5.14,1331.000006
2021.5.15,442.6338137
2021.5.16,343.5580956
2021.5.17,663.0103802
2021.5.18,442.2729943
2021.5.19,2378.87606
2021.5.20,652.9287601
2021.5.21,1334.64573
2021.5.22,521.1540989
2021.5.23,885.8796168
2021.5.24,827.9441594
2021.5.25,560.4098113
2021.5.26,855.2894909
2021.5.27,362.991958
2021.5.28,1191.42578
2021.5.29,261.8160797
2021.5.30,427.2505001
2021.5.31,460.539124
2021.6.1,249.8387806
2021.6.2,832.5152333
2021.6.3,367.5252331
2021.6.4,351.8045433
2021.6.5,311.8520653
2021.6.6,247.6210472
2021.6.7,390.7292892
2021.6.8,800.3552935
2021.6.9,904.8470909
2021.6.10,508.516414
2021.6.11,1682.904051
2021.6.12,323.8055212
2021.6.13,288.0573599
2021.6.14,617.5640412
2021.6.15,488.6328802
2021.6.16,312.7951258
2021.6.17,479.3902823
2021.6.18,339.7503305
2021.6.19,226.7949955
2021.6.20,242.5772872
2021.6.21,656.2805474
2021.6.22,812.6648654
2021.6.23,608.0924076
2021.6.24,455.8525344
2021.6.25,642.6345217
2021.6.26,298.5188345
2021.6.27,168.9688584
2021.6.28,693.6341685
2021.6.29,400.2549631
2021.6.30,344.6095216
2021.7.1,277.7689378
2021.7.2,177.1793395
2021.7.3,246.9841469
2021.7.4,401.4475661
2021.7.5,493.7385452
2021.7.6,372.5980529
2021.7.7,229.6455725
2021.7.8,407.8592403
2021.7.9,277.6322254
2021.7.10,291.0110714
2021.7.11,260.4458182
2021.7.12,268.1428762
2021.7.13,390.2029546
2021.7.14,353.5197152
2021.7.15,352.9155797
2021.7.16,591.6399068
2021.7.17,250.7178192
2021.7.18,217.7939513
2021.7.19,285.0694728
2021.7.20,340.514198
2021.7.21,607.8528079
2021.7.22,216.4753623
2021.7.23,285.9228775
2021.7.24,424.2101816
2021.7.25,236.993605
2021.7.26,677.1708364
2021.7.27,281.2381892
2021.7.28,1980.71793
2021.7.29,630.417235
2021.7.30,757.0630828
2021.7.31,286.8790891
2021.8.1,879.9005219
2021.8.2,388.4821036
2021.8.3,318.5623425
2021.8.4,283.3430024
2021.8.5,333.3181413
2021.8.6,334.4696033
2021.8.7,597.4240131
2021.8.8,743.0622402
2021.8.9,664.0158146
2021.8.10,488.9854709
2021.8.11,628.2495971
2021.8.12,372.6699215
2021.8.13,653.1869316
2021.8.14,325.3778721
2021.8.15,324.6211403
2021.8.16,439.2159498
2021.8.17,375.7015467
2021.8.18,340.3242307
2021.8.19,314.1449445
2021.8.20,330.5714537
2021.8.21,337.7093994
2021.8.22,317.1861384
2021.8.23,608.2634715
2021.8.24,400.4652504
2021.8.25,763.432991
2021.8.26,320.5800078
2021.8.27,328.1318438
2021.8.28,285.4413465
2021.8.29,398.0942694
2021.8.30,1090.37311
2021.8.31,421.0392389
2021.9.1,478.0870252
2021.9.2,707.3871851
2021.9.3,1023.744815
2021.9.4,300.2671588
2021.9.5,377.0624235
2021.9.6,604.2975839
2021.9.7,481.3525829
2021.9.8,356.6387664
2021.9.9,881.328115
2021.9.10,418.4923054
2021.9.11,367.7024272
2021.9.12,343.8792094
2021.9.13,350.9584241
2021.9.14,328.6270666
2021.9.15,411.4873146
2021.9.16,640.033554
2021.9.17,404.7582393
2021.9.18,546.4281679
2021.9.19,490.7306221
2021.9.20,612.8221302
2021.9.21,390.5396843
2021.9.22,367.1194486
2021.9.23,354.4378018
2021.9.24,782.7002782
2021.9.25,413.7709024
2021.9.26,894.8506485
2021.9.27,803.289412
2021.9.28,384.1394151
2021.9.29,469.9683935
2021.9.30,721.3766693
2021.10.1,693.5831006
2021.10.2,569.7320787
2021.10.3,1762.059191
2021.10.4,555.024098
2021.10.5,677.1062787
2021.10.6,765.5956505
2021.10.7,732.5012449
2021.10.8,498.5524893
2021.10.9,388.1662895
2021.10.10,506.4963769
2021.10.11,580.7254457
2021.10.12,1545.308002
2021.10.13,406.5196327
2021.10.14,533.528403
2021.10.15,1148.173915
2021.10.16,569.1414945
2021.10.17,397.0670946
2021.10.18,503.9295031
2021.10.19,589.531677
2021.10.20,975.0957309
2021.10.21,442.3809399
2021.10.22,349.2140745
2021.10.23,357.0759031
2021.10.24,335.5790698
2021.10.25,430.5745454
2021.10.26,591.9893645
2021.10.27,419.4757909
2021.10.28,477.118721
2021.10.29,398.9576546
2021.10.30,324.1071238
2021.10.31,376.4678084
2021.11.1,593.1563445
2021.11.2,767.6108848
2021.11.3,435.8045524
2021.11.4,498.1679648
2021.11.5,387.1028536
2021.11.6,341.7971447
2021.11.7,345.605039
2021.11.8,911.5927709
2021.11.9,718.3801473
2021.11.10,442.0813611
2021.11.11,445.4141106
2021.11.12,387.2375657
2021.11.13,371.7537973
2021.11.14,320.237901
2021.11.15,539.0329086
2021.11.16,586.1398608
2021.11.17,395.4519581
2021.11.18,368.7976305
2021.11.19,439.9759276
2021.11.20,299.7714438
2021.11.21,476.3137966
2021.11.22,357.6674632
2021.11.23,478.2665716
2021.11.24,587.7332947
2021.11.25,370.7492352
2021.11.26,663.3481616
2021.11.27,342.9553266
2021.11.28,370.4562202
2021.11.29,470.4992634
2021.11.30,730.9660699
2021.12.1,535.5160675
2021.12.2,552.7230511
2021.12.3,395.1926063
2021.12.4,893.8709818
2021.12.5,390.5767963
2021.12.6,784.1148342
2021.12.7,1288.178303
2021.12.8,743.7527853
2021.12.9,714.4475293
2021.12.10,778.755314
2021.12.11,445.7374764
2021.12.12,366.0335324
2021.12.13,557.8069212
2021.12.14,460.5297878
2021.12.15,391.6739475
2021.12.16,390.3365679
2021.12.17,497.3413466
2021.12.18,392.8911456
2021.12.19,414.4952613
2021.12.20,619.6737281
2021.12.21,688.7222994
2021.12.22,498.2377659
2021.12.23,488.7275219
2021.12.24,515.9146664
2021.12.25,370.0505159
2021.12.26,335.3996573
2021.12.27,424.1816498
2021.12.28,427.6451573
2021.12.29,413.5411369
2021.12.30,490.2313442
2021.12.31,791.9948627
2022.1.1,369.7429127
2022.1.2,345.6465041
2022.1.3,419.5132008
2022.1.4,401.3558335
2022.1.5,515.5399319
2022.1.6,340.8760578
2022.1.7,438.3238231
2022.1.8,483.8383925
2022.1.9,711.0862787
2022.1.10,512.4321188
2022.1.11,409.6807456
2022.1.12,522.8487488
2022.1.13,931.6896284
2022.1.14,584.8045605
2022.1.15,473.4903909
2022.1.16,351.8198558
2022.1.17,526.0061913
2022.1.18,831.4472917
2022.1.19,499.0037042
2022.1.20,498.3626408
2022.1.21,589.7415584
2022.1.22,540.7175411
2022.1.23,408.8641556
2022.1.24,607.1615881
2022.1.25,734.3454773
2022.1.26,534.461862
2022.1.27,1050.852102
2022.1.28,567.364504
2022.1.29,459.7745027
2022.1.30,985.990575
2022.1.31,638.6391949
2022.2.1,757.4514165
2022.2.2,586.3466468
2022.2.3,415.2791624
2022.2.4,515.6560493
2022.2.5,769.2791735
2022.2.6,359.7819856
2022.2.7,702.5112959
2022.2.8,647.6250005
2022.2.9,653.8763542
2022.2.10,554.0923278
2022.2.11,475.6653799
2022.2.12,393.4724334
2022.2.13,358.6305636
2022.2.14,593.8723857
2022.2.15,537.6985218
2022.2.16,722.4519791
2022.2.17,553.7689774
2022.2.18,528.2282063
2022.2.19,340.6826014
2022.2.20,408.1090356
2022.2.21,497.6457937
2022.2.22,494.7549663
2022.2.23,385.8175118
2022.2.24,774.2053975
2022.2.25,955.7452237
2022.2.26,410.0593471
2022.2.27,381.6794361
2022.2.28,788.3747457
2022.3.1,1086.362279
2022.3.2,419.0445257
2022.3.3,530.7218263
2022.3.4,554.503863
2022.3.5,444.8222069
2022.3.6,367.3555816
2022.3.7,813.6044166
2022.3.8,388.1219087
2022.3.9,606.3686495
2022.3.10,655.3016695
2022.3.11,360.5056021
2022.3.12,403.7222512
2022.3.13,375.9868345
2022.3.14,466.9024455
2022.3.15,593.1700512
2022.3.16,1011.140326
2022.3.17,800.6848721
2022.3.18,488.8101186
2022.3.19,493.9632342
2022.3.20,650.9677382
2022.3.21,454.0595953
2022.3.22,537.1189077
2022.3.23,611.9621198
2022.3.24,702.1719178
2022.3.25,838.7251767
2022.3.26,592.6403395
2022.3.27,418.3275473
2022.3.28,2231.885368
2022.3.29,783.7441313
2022.3.30,598.5861871
2022.3.31,639.268283
2022.4.1,560.1305087
2022.4.2,513.93987
2022.4.3,660.156575
2022.4.4,739.3031186
2022.4.5,644.7877567
2022.4.6,633.3574628
2022.4.7,514.2471437
2022.4.8,514.096034
2022.4.9,352.2747091
2022.4.10,403.8945734
2022.4.11,575.1624682
2022.4.12,537.1700076
2022.4.13,454.987591
2022.4.14,471.376177
2022.4.15,380.1270368
2022.4.16,365.919077
2022.4.17,385.7552506
2022.4.18,466.2998982
2022.4.19,434.2862519
2022.4.20,464.9612057
2022.4.21,488.6370186
2022.4.22,612.163602
2022.4.23,587.1686629
2022.4.24,496.103172
2022.4.25,5661.832911
2022.4.26,548.8734556
2022.4.27,576.2749223
2022.4.28,664.1000641
2022.4.29,534.1543214
2022.4.30,534.2105505
2022.5.1,589.2076234
2022.5.2,1033.259833
2022.5.3,828.055223
2022.5.4,999.9945437
2022.5.5,1617.490883
2022.5.6,2136.278688
2022.5.7,1215.361832
2022.5.8,2026.565888
2022.5.9,2061.37448
2022.5.10,2349.407553
2022.5.11,5124.971687
2022.5.12,3858.054497
2022.5.13,2580.711612
2022.5.14,927.4687012
2022.5.15,591.7214266
2022.5.16,1136.41527
2022.5.17,938.5351515
2022.5.18,961.6943082
2022.5.19,1410.159098
2022.5.20,1200.663262
2022.5.21,801.009512
2022.5.22,773.8642932
2022.5.23,1241.980326
2022.5.24,1834.050052
2022.5.25,1868.774082
2022.5.26,1341.647737
2022.5.27,1025.709524
2022.5.28,701.883296
2022.5.29,638.2805264
2022.5.30,1334.804285
2022.5.31,1539.709352
2022.6.1,1496.757383
2022.6.2,870.3184298
2022.6.3,899.4570638
2022.6.4,892.4018933
2022.6.5,562.1602272
2022.6.6,1094.379594
2022.6.7,824.4059609
2022.6.8,1401.121738
2022.6.9,920.7813422
2022.6.10,1012.555548
2022.6.11,1160.876854
2022.6.12,1075.567103
2022.6.13,1509.44246
2022.6.14,4274.929647
2022.6.15,5723.720684
2022.6.16,6359.872111
2022.6.17,1834.546004
2022.6.18,1666.083395
2022.6.19,1054.399121
2022.6.20,1271.885929
2022.6.21,1431.660764
2022.6.22,6152.031113
2022.6.23,1165.92147
2022.6.24,1036.790114
2022.6.25,696.8283123
2022.6.26,594.4318745
2022.6.27,955.7845841
2022.6.28,929.9308262
2022.6.29,1256.737389
2022.6.30,1031.762919
2022.7.1,1542.666979
2022.7.2,778.5676546
2022.7.3,619.8101551
2022.7.4,1153.211372
2022.7.5,1224.665672
2022.7.6,1073.975596
2022.7.7,1441.72919
2022.7.8,1685.490686
2022.7.9,802.715607
2022.7.10,632.3961055
2022.7.11,884.0701049
2022.7.12,895.8801623
2022.7.13,1430.547434
2022.7.14,1182.189325
2022.7.15,1072.771026
2022.7.16,1240.25538
2022.7.17,891.3693639
2022.7.18,1701.153438
2022.7.19,2026.084467
2022.7.20,1829.138604
2022.7.21,1198.70353
2022.7.22,1668.905384
2022.7.23,850.5524923
2022.7.24,1322.470909
2022.7.25,1298.84871
2022.7.26,1551.029515
2022.7.27,1637.061037
2022.7.28,2425.639778
2022.7.29,1524.109314
2022.7.30,1262.053975
2022.7.31,702.8154347
2022.8.1,1655.315906
2022.8.2,1432.691318
2022.8.3,1240.199842
2022.8.4,1300.702769
2022.8.5,1290.035579
2022.8.6,930.2425275
2022.8.7,655.822569
2022.8.8,1612.464129
2022.8.9,857.5121684
2022.8.10,1467.460116
2022.8.11,1853.844849
2022.8.12,1228.073118
2022.8.13,1661.15785
2022.8.14,810.4123259
2022.8.15,1259.735198
2022.8.16,1114.145521
2022.8.17,2009.452118
2022.8.18,1182.069757
2022.8.19,1380.367616
2022.8.20,1066.259479
2022.8.21,670.393384
2022.8.22,1298.421957
2022.8.23,1640.750076
2022.8.24,1880.417718
2022.8.25,1331.736217
2022.8.26,2159.939683
2022.8.27,1926.199909
2022.8.28,1114.243094
2022.8.29,1790.847357
2022.8.30,1361.167042
2022.8.31,1580.095036
2022.9.1,1515.109339
2022.9.2,5657.990543
2022.9.3,1095.55641
2022.9.4,1055.785918
2022.9.5,4392.840125
2022.9.6,1528.048804
2022.9.7,1855.858618
2022.9.8,1662.953898
2022.9.9,1778.682342
2022.9.10,1338.128361
2022.9.11,1152.91845
2022.9.12,1815.789893
2022.9.13,2018.12455
2022.9.14,1828.344555
2022.9.15,1444.575714
2022.9.16,1384.77433
2022.9.17,1044.599722
2022.9.18,1343.81597
2022.9.19,1481.001248
2022.9.20,1970.52685
2022.9.21,1850.545282
2022.9.22,2420.594124
2022.9.23,2452.816401
2022.9.24,1093.261252
2022.9.25,911.3959578
2022.9.26,1910.235575
2022.9.27,2531.194488
2022.9.28,1658.514865
2022.9.29,2770.700973
2022.9.30,2524.307072
2022.10.1,1727.381663
2022.10.2,1420.816468
2022.10.3,2654.151817
2022.10.4,2104.021717
2022.10.5,1662.945249
2022.10.6,1549.021505
2022.10.7,2274.893482
2022.10.8,1776.79441
2022.10.9,1625.160534
2022.10.10,1430.214209
2022.10.11,1701.688652
2022.10.12,1362.226001
2022.10.13,1687.975069
2022.10.14,2115.57955
2022.10.15,701.3130241
2022.10.16,760.304401
2022.10.17,1718.306788
2022.10.18,1675.290037
2022.10.19,2446.007423
2022.10.20,1299.485748
2022.10.21,1427.711751
2022.10.22,1142.711946
2022.10.23,832.4160843
2022.10.24,1435.366059
2022.10.25,2263.712364
2022.10.26,2796.752399
2022.10.27,1701.355029
2022.10.28,3057.674621
2022.10.29,1481.609652
2022.10.30,908.0275341
2022.10.31,1656.255972
2022.11.1,2810.631651
2022.11.2,2083.826301
2022.11.3,2410.840217
2022.11.4,1896.533734
2022.11.5,1784.30262
2022.11.6,1137.596216
2022.11.7,3763.460892
2022.11.8,4421.757221
2022.11.9,5292.19428
2022.11.10,9878.758961
2022.11.11,4445.005435
2022.11.12,3403.964179
2022.11.13,1498.676795
2022.11.14,3438.590284
2022.11.15,4144.41865
2022.11.16,3241.26421
2022.11.17,2959.623046
2022.11.18,3701.908315
2022.11.19,1673.906351
2022.11.20,1144.794244
2022.11.21,2763.316108
2022.11.22,4109.227498
2022.11.23,4487.000987
2022.11.24,3030.311464
2022.11.25,3709.922088
2022.11.26,2449.706177
2022.11.27,3333.36921
2022.11.28,2121.129216
2022.11.29,3034.935827
2022.11.30,3248.327122
2022.12.1,2824.769158
2022.12.2,2192.860474
2022.12.3,1685.718953
2022.12.4,1310.983289
2022.12.5,1596.807292
2022.12.6,1875.525429
2022.12.7,2218.052767
2022.12.8,1911.529751
2022.12.9,2255.321092
2022.12.10,1735.147948
2022.12.11,1275.494235
2022.12.12,1806.197648
2022.12.13,2527.892964
2022.12.14,3567.984546
2022.12.15,1969.666488
2022.12.16,1927.927044
2022.12.17,1765.543284
2022.12.18,1599.771369
2022.12.19,2372.673149
2022.12.20,3904.007629
2022.12.21,2676.60964
2022.12.22,2116.927845
2022.12.23,2102.405094
2022.12.24,1817.353864
2022.12.25,854.3949272
2022.12.26,1373.733593
2022.12.27,2806.612862
2022.12.28,2339.138933
2022.12.29,2514.190301
2022.12.30,2127.893893
2022.12.31,1606.615579
2023.1.1,2269.906054
2023.1.2,1368.722219
2023.1.3,683.1124508
2023.1.4,4101.702624
2023.1.5,3580.646097
2023.1.6,2842.461033
2023.1.7,1349.447548
2023.1.8,930.6984856
2023.1.9,2199.507734
2023.1.10,2676.3141
2023.1.11,2032.729416
2023.1.12,4232.142206
2023.1.13,3690.800947
2023.1.14,4170.052527
2023.1.15,1970.938328
2023.1.16,1643.06158
2023.1.17,1992.70396
2023.1.18,3217.892815
2023.1.19,5264.44056
2023.1.20,2890.141438
2023.1.21,2364.917239
2023.1.22,1516.821816
2023.1.23,2105.701155
2023.1.24,1722.939137
2023.1.25,2079.140685
2023.1.26,2531.305696
2023.1.27,2278.138129
2023.1.28,1424.147791
2023.1.29,1022.413516
2023.1.30,2331.404964
2023.1.31,1606.379164
2023.2.1,2015.188677
2023.2.2,3008.947525
2023.2.3,1880.553441
2023.2.4,1298.977946
2023.2.5,1003.007718
2023.2.6,1881.569682
2023.2.7,612.3322989
2023.2.8,419.2916129
2023.2.9,344.6245202
2023.2.10,6759.81536
2023.2.11,1175.664024
2023.2.12,1224.372397
2023.2.13,1674.7028
2023.2.14,2555.047425
2023.2.15,2776.747498
2023.2.16,3073.209387
2023.2.17,2230.901102
2023.2.18,1195.978011
2023.2.19,831.2506875
2023.2.20,1796.933293
2023.2.21,2545.844268
2023.2.22,1758.012976
2023.2.23,1703.379595
2023.2.24,2556.682899
2023.2.25,1110.196468
2023.2.26,897.2523399
2023.2.27,1946.573546
2023.2.28,2065.544548
2023.3.1,1781.433709
2023.3.2,1429.027116
2023.3.3,2882.786002
2023.3.4,1133.715683
2023.3.5,3619.747994
2023.3.6,2787.31173
2023.3.7,2864.479232
2023.3.8,2148.875733
2023.3.9,3644.123213
2023.3.10,2621.726789
2023.3.11,5982.050773
2023.3.12,2658.963982
2023.3.13,21940.91538
2023.3.14,8442.68556
2023.3.15,5358.189516
2023.3.16,3804.045881
2023.3.17,5282.371518
2023.3.18,3230.096966
2023.3.19,2399.56934
2023.3.20,3459.709562
2023.3.21,2872.308342
2023.3.22,4609.556978
2023.3.23,3138.385665
2023.3.24,3171.576319
2023.3.25,1569.250493
2023.3.26,1159.282069
2023.3.27,1985.424496
2023.3.28,1833.539393
2023.3.29,2589.554578
2023.3.30,5582.588085
2023.3.31,2908.274625
2023.4.1,1497.910355
2023.4.2,1035.757288
2023.4.3,1913.656981
2023.4.4,1881.636711
2023.4.5,2431.914839
2023.4.6,2039.558531
2023.4.7,1594.490825
2023.4.8,1372.274943
2023.4.9,854.7110331
2023.4.10,2289.295051
2023.4.11,5091.027567
2023.4.12,2802.870697
2023.4.13,2046.451882
2023.4.14,2194.180153
2023.4.15,1155.097115
2023.4.16,2720.919947
2023.4.17,2046.989931
2023.4.18,2220.847664
2023.4.19,2881.140667
2023.4.20,2706.224987
2023.4.21,8039.761631
2023.4.22,1484.994758
2023.4.23,1040.545254
2023.4.24,2082.420157
2023.4.25,2191.435877
2023.4.26,2340.07282
2023.4.27,2198.378832
2023.4.28,2193.132973
2023.4.29,1352.410563
2023.4.30,1664.871265
2023.5.1,1946.690578
2023.5.2,1596.885284
2023.5.3,2221.894118
2023.5.4,2501.651679
2023.5.5,2125.542348
2023.5.6,1550.374269
2023.5.7,807.0712452
2023.5.8,574.5148462
2023.5.9,3304.099244
2023.5.10,2655.735353
2023.5.11,5238.04971
2023.5.12,3559.001445
2023.5.13,1807.099665
2023.5.14,1535.745579
2023.5.15,2091.069095
2023.5.16,2802.246186
2023.5.17,3147.959398
2023.5.18,4090.166207
2023.5.19,3082.305787
2023.5.20,1996.917843
2023.5.21,1662.516952
2023.5.22,2455.351811
2023.5.23,4010.160729
2023.5.24,3744.620839
2023.5.25,3346.148862
2023.5.26,3093.680482
2023.5.27,2776.745033
2023.5.28,3109.555888
2023.5.29,4088.84376
2023.5.30,4410.981466
2023.5.31,7057.200879
2023.6.1,5740.952038
2023.6.2,6810.149985
2023.6.3,9062.562596
2023.6.4,6204.459003
2023.6.5,5454.186327
2023.6.6,9243.10499
2023.6.7,7722.31764
2023.6.8,9748.817019
2023.6.9,7627.784493
2023.6.10,10137.94928
2023.6.11,7677.802891
2023.6.12,11381.08765
2023.6.13,8838.852526
2023.6.14,9809.357789
2023.6.15,12171.49757
2023.6.16,12702.55259
2023.6.17,10236.35488
2023.6.18,10799.26446
2023.6.19,9301.039614
2023.6.20,11151.44476
2023.6.21,15132.0493
2023.6.22,14175.15894
2023.6.23,11731.87236
2023.6.24,13773.17677
2023.6.25,14121.22356
2023.6.26,10814.6692
2023.6.27,10825.3733
2023.6.28,9615.339447
2023.6.29,14890.04434
2023.6.30,13806.995
2023.7.1,11630.81725
2023.7.2,9252.384903
2023.7.3,11912.29837
2023.7.4,12768.53775
2023.7.5,14346.07498
2023.7.6,12573.85715
2023.7.7,12029.75438
2023.7.8,10932.24254
2023.7.9,11654.3974
2023.7.10,11369.2248
2023.7.11,11796.1517
2023.7.12,10992.22695
2023.7.13,11412.97944
2023.7.14,11585.13063
2023.7.15,6655.147305
2023.7.16,7297.755513
2023.7.17,8679.251736
2023.7.18,11401.20121
2023.7.19,10149.88721
2023.7.20,9833.153868
2023.7.21,7303.897315
2023.7.22,4596.900112
2023.7.23,6742.878498
2023.7.24,11768.19529
2023.7.25,10335.50292
2023.7.26,14549.88887
2023.7.27,20889.39688
2023.7.28,14792.21255
2023.7.29,12818.02903
2023.7.30,9820.388914
2023.7.31,10989.16324
2023.8.1,11941.70117
2023.8.2,11971.54973
2023.8.3,10084.5268
2023.8.4,8637.971799
2023.8.5,11308.1197
2023.8.6,8085.596162
2023.8.7,14258.96465
2023.8.8,10236.09248
2023.8.9,10379.79339
2023.8.10,9203.828346
2023.8.11,9664.761151
2023.8.12,8497.009311
2023.8.13,7542.502817
2023.8.14,12135.70677
2023.8.15,12006.16203
2023.8.16,12206.39738
2023.8.17,16563.26602
2023.8.18,14106.64199
2023.8.19,7744.843894
2023.8.20,6998.787831
2023.8.21,9429.867572
2023.8.22,10610.94051
2023.8.23,16832.48917
2023.8.24,10298.30664
2023.8.25,8738.904958
2023.8.26,7110.977109
2023.8.27,6780.064364
2023.8.28,5827.405884
2023.8.29,12339.22389
2023.8.30,8859.142429
2023.8.31,11433.38337
2023.9.1,14627.09325
2023.9.2,7190.485709
2023.9.3,6197.84348
2023.9.4,6588.095748
2023.9.5,6817.928923
2023.9.6,7700.663078
2023.9.7,8307.977046
2023.9.8,7236.649612
2023.9.9,5586.723671
2023.9.10,6324.855661
2023.9.11,9008.750192
2023.9.12,9996.178968
2023.9.13,7432.64987
2023.9.14,9571.29332
2023.9.15,8125.712537
2023.9.16,6219.754148
2023.9.17,4493.061
2023.9.18,8508.286342
2023.9.19,9961.058916
2023.9.20,10042.73443
2023.9.21,8706.338975
2023.9.22,9563.38101
2023.9.23,4548.184918
2023.9.24,6388.959377
2023.9.25,10175.27699
2023.9.26,9616.08426
2023.9.27,10765.74073
2023.9.28,14603.62523
2023.9.29,8189.948738
2023.9.30,5524.602151
2023.10.1,5719.29241
2023.10.2,12852.80131
2023.10.3,8221.616835
2023.10.4,7185.118363
2023.10.5,9085.305938
2023.10.6,9212.03979
2023.10.7,5590.62116
2023.10.8,4524.863435
2023.10.9,9786.761065
2023.10.10,7683.132933
2023.10.11,12006.22872
2023.10.12,11388.29951
2023.10.13,8480.491454
2023.10.14,4989.540707
2023.10.15,6371.564536
2023.10.16,14335.14361
2023.10.17,10252.25875
2023.10.18,8379.826608
2023.10.19,8764.495569
2023.10.20,14606.96535
2023.10.21,9644.717542
2023.10.22,6865.259725
2023.10.23,13351.42384
2023.10.24,21511.85726
2023.10.25,12944.64425
2023.10.26,10065.50836
2023.10.27,10813.76624
2023.10.28,7602.638975
2023.10.29,5211.533926
2023.10.30,9545.945796
2023.10.31,9216.063252
2023.11.1,12174.86199
2023.11.2,14553.05145
2023.11.3,8478.972515
2023.11.4,6163.984396
2023.11.5,6022.504934
2023.11.6,8178.751481
2023.11.7,4864.003358
2023.11.8,1581.257798
2023.11.9,8466.995939
2023.11.10,32509.80832
2023.11.11,7073.262967
2023.11.12,7337.023257
2023.11.13,7463.527821
2023.11.14,10791.96116
2023.11.15,9219.881976
2023.11.16,6174.289918
2023.11.17,8686.884597
2023.11.18,4330.146519
2023.11.19,4995.825359
2023.11.20,9281.970554
2023.11.21,7572.485202
2023.11.22,9636.83738
2023.11.23,6659.228659
2023.11.24,9093.616151
2023.11.25,5661.070243
2023.11.26,6070.300961
2023.11.27,9198.506369
2023.11.28,9820.294702
2023.11.29,9424.963005
2023.11.30,9547.697314
2023.12.1,10912.46302
2023.12.2,7809.798222
2023.12.3,5939.119911
2023.12.4,14333.63798
2023.12.5,6856.970927
2023.12.6,15489.28362
2023.12.7,13035.72553
2023.12.8,9761.593323
2023.12.9,7490.911286
2023.12.10,6111.192742
2023.12.11,16686.6739
2023.12.12,8846.290615
2023.12.13,9418.805403
2023.12.14,4960.392713
2023.12.15,6032.569207
2023.12.16,1616.54177
2023.12.17,7221.443001
2023.12.18,10646.14176
2023.12.19,5751.656718
2023.12.20,10250.74997
2023.12.21,5406.136693
2023.12.22,3886.247423
2023.12.23,2261.665273
2023.12.24,2537.663878
2023.12.25,17117.14132
2023.12.26,5163.36966
2023.12.27,4595.272936
2023.12.28,3376.755157
2023.12.29,3132.350639
2023.12.30,19562.10876
2023.12.31,12468.24308
2024.1.1,4262.934245
2024.1.2,16701.23056
2024.1.3,14628.67887
2024.1.4,10664.1534
2024.1.5,10399.14142
2024.1.6,8330.122828
2024.1.7,5725.435059
2024.1.8,13974.28243
2024.1.9,11318.73118
2024.1.10,14169.5865
2024.1.11,19711.32317
2024.1.12,19404.90312
2024.1.13,6480.065568
2024.1.14,6175.550546
2024.1.15,11641.10332
2024.1.16,6779.371222
2024.1.17,8635.676728
2024.1.18,9698.711919
2024.1.19,11065.20816
2024.1.20,5962.434867
2024.1.21,4239.904532
2024.1.22,11447.42975
2024.1.23,10948.8521
2024.1.24,8718.469284
2024.1.25,10307.88536
2024.1.26,11058.51093
2024.1.27,5411.366827
2024.1.28,5636.824807
2024.1.29,10062.73252
2024.1.30,9180.595822
2024.1.31,9218.474334
2024.2.1,12630.62748
2024.2.2,8579.200176
2024.2.3,5011.719881
2024.2.4,5717.103139
2024.2.5,9431.252394
2024.2.6,8049.369268
2024.2.7,8337.564712
2024.2.8,9734.89906
2024.2.9,13084.6312
2024.2.10,6946.874425
2024.2.11,8902.471403
2024.2.12,10668.2227
2024.2.13,7840.216675
2024.2.14,12073.12626
2024.2.15,8349.378781
2024.2.16,7775.81474
2024.2.17,7372.851348
2024.2.18,5745.97411
2024.2.19,7291.147079
2024.2.20,9778.630921
2024.2.21,9119.912686
2024.2.22,9319.291205
2024.2.23,9244.323594
2024.2.24,5361.450444
2024.2.25,4999.162661
2024.2.26,7060.203634
2024.2.27,15458.39097
2024.2.28,17514.1674
2024.2.29,14422.38674
2024.3.1,11197.48605
2024.3.2,7420.973084
2024.3.3,6410.01825
2024.3.4,11526.7163
2024.3.5,22503.02919
2024.3.6,13127.01819
2024.3.7,10971.93169
2024.3.8,11481.63741
2024.3.9,8006.597819
2024.3.10,11042.51386
2024.3.11,18516.02843
2024.3.12,12144.84122
2024.3.13,11116.09215
2024.3.14,13988.2286
2024.3.15,13023.14409
2024.3.16,10295.16076
2024.3.17,7663.351421
2024.3.18,8186.876688
2024.3.19,20608.20226
2024.3.20,11975.73869
2024.3.21,13014.96465
2024.3.22,9357.748102
2024.3.23,5463.874057
2024.3.24,5352.24469
2024.3.25,10737.18247
2024.3.26,11905.33916
2024.3.27,11757.94149
2024.3.28,10625.79224
2024.3.29,8713.222558
2024.3.30,5922.389895
2024.3.31,4633.528811
2024.4.1,8708.481713
2024.4.2,12615.47662
2024.4.3,5388.321175
2024.4.4,8278.228704
2024.4.5,9142.047065
2024.4.6,4428.238145
2024.4.7,5058.569687
2024.4.8,11389.72101
2024.4.9,10222.12081
2024.4.10,8204.201134
2024.4.11,5311.356654
2024.4.12,11732.93938
2024.4.13,9768.014642
2024.4.14,10162.39973
2024.4.15,6944.297569
2024.4.16,9415.261681
2024.4.17,8444.477419
2024.4.18,24692.38251
2024.4.19,8602.053764
2024.4.20,2507.060772
2024.4.21,3249.956907
2024.4.22,4678.837931
2024.4.23,3119.458077
2024.4.24,13663.17697
2024.4.25,6526.524809
2024.4.26,5240.117156
2024.4.27,4383.505169
2024.4.28,5993.819077
2024.4.29,6318.596631
2024.4.30,13734.54406
2024.5.1,9968.472707
2024.5.2,10078.9189
2024.5.3,7006.437007
2024.5.4,5409.987654
2024.5.5,3175.077662
2024.5.6,6061.508903
2024.5.7,5675.022031
2024.5.8,6381.914288
2024.5.9,7138.203632
2024.5.10,7604.651713
2024.5.11,4257.307814
2024.5.12,5184.187619
2024.5.13,7770.187759
2024.5.14,6525.941463
2024.5.15,8087.873955
2024.5.16,8294.969324
2024.5.17,6617.952033
2024.5.18,5042.119995
2024.5.19,4527.194971
2024.5.20,7597.894994
2024.5.21,16927.98761
2024.5.22,7679.059623
2024.5.23,10220.15105
2024.5.24,7215.891723
2024.5.25,3909.000737
2024.5.26,4193.640317
2024.5.27,5985.795396
2024.5.28,7467.228659
2024.5.29,7669.96011
2024.5.30,5818.205807
2024.5.31,8783.184172
2024.6.1,3176.567883
2024.6.2,2691.741414
2024.6.3,7995.907595
2024.6.4,5792.61691
2024.6.5,7897.077402
2024.6.6,8192.726183
2024.6.7,1868.449931
2024.6.8,9541.298377
2024.6.9,3206.879492
2024.6.10,5094.353994
2024.6.11,9761.441409
2024.6.12,8118.803009
2024.6.13,7921.590019
2024.6.14,8876.583926
2024.6.15,4697.817006
2024.6.16,3208.54165
2024.6.17,9228.239177
2024.6.18,8539.208789
2024.6.19,5605.506611
2024.6.20,7035.275403
2024.6.21,5642.427613
2024.6.22,3739.732417
2024.6.23,3047.888428
2024.6.24,10474.10974
2024.6.25,8259.296884
2024.6.26,9726.259082
2024.6.27,8640.910349
2024.6.28,9736.543354
2024.6.29,4612.275718
2024.6.30,4297.189337
2024.7.1,11853.24494
2024.7.2,7557.17712
2024.7.3,7390.302939
2024.7.4,12333.665
2024.7.5,13767.67203
2024.7.6,5608.998992
2024.7.7,4784.714527
2024.7.8,10191.35071
2024.7.9,8514.632765
2024.7.10,6654.53212
2024.7.11,8443.852039
2024.7.12,5404.461154
2024.7.13,4923.783035
2024.7.14,4775.531058
2024.7.15,8273.426119
2024.7.16,8228.811414
2024.7.17,9215.057249
2024.7.18,7352.009485
2024.7.19,8571.719619
2024.7.20,4855.343731
2024.7.21,3968.039022
2024.7.22,7432.479962
2024.7.23,10671.64322
2024.7.24,6994.254859
2024.7.25,14677.49074
2024.7.26,7483.611246
2024.7.27,5469.241616
2024.7.28,4370.557094
2024.7.29,10567.32971
2024.7.30,7686.564728
2024.7.31,5877.887698
2024.8.1,9865.122446
2024.8.2,10534.08281
2024.8.3,6913.309655
2024.8.4,7368.35192
2024.8.5,23862.37609
2024.8.6,9755.845626
2024.8.7,10851.20526
2024.8.8,10951.47099
2024.8.9,7403.047367
2024.8.10,4031.502343
2024.8.11,3767.624841
2024.8.12,9712.047135
2024.8.13,5834.115897
2024.8.14,8174.778046
2024.8.15,8214.132092
2024.8.16,9609.049413
2024.8.17,3627.846434
2024.8.18,3794.386233
2024.8.19,6698.680797
2024.8.20,7691.593869
2024.8.21,7217.724152
2024.8.22,7016.783745
2024.8.23,9517.256164
2024.8.24,5800.889097
2024.8.25,3985.391162
2024.8.26,7888.412678
2024.8.27,8190.684597
2024.8.28,11590.00262
2024.8.29,8578.343362
2024.8.30,9322.505234
2024.8.31,6082.626501
2024.9.1,3865.61163
2024.9.2,7663.642769
2024.9.3,7743.611016
2024.9.4,6912.205373
2024.9.5,7992.921038
2024.9.6,12075.36361
2024.9.7,4733.859681
2024.9.8,2257.528008
2024.9.9,7637.436222
2024.9.10,6112.936543
2024.9.11,7881.129416
2024.9.12,7331.10841
2024.9.13,10203.42868
2024.9.14,5025.127717
2024.9.15,4597.034017
2024.9.16,8581.30507
2024.9.17,6823.993421
2024.9.18,7359.511953
2024.9.19,11443.66728
2024.9.20,9658.18247
2024.9.21,4580.649007
2024.9.22,3537.636923
2024.9.23,7268.947183
2024.9.24,6405.373365
2024.9.25,5870.989167
2024.9.26,7139.763505
2024.9.27,7352.858403
2024.9.28,2859.268726
2024.9.29,2296.75527
2024.9.30,10422.21453
2024.10.1,12742.72005
2024.10.2,8013.038666
2024.10.3,6810.255902
2024.10.4,4604.166516
2024.10.5,1904.109415
2024.10.6,3308.77647
2024.10.7,8387.653803
2024.10.8,8571.450291
2024.10.9,7709.61992
2024.10.10,6817.270428
2024.10.11,6485.583169
2024.10.12,3387.620123
2024.10.13,2626.962083
2024.10.14,11202.47501
2024.10.15,10134.00461
2024.10.16,8608.78201
2024.10.17,8498.213594
2024.10.18,6729.018286
2024.10.19,4214.476281
2024.10.20,2916.522238
2024.10.21,9160.465619
2024.10.22,6362.777667
2024.10.23,6481.67008
2024.10.24,3613.680667
2024.10.25,7653.193727
2024.10.26,4822.124506
2024.10.27,4823.976984
2024.10.28,8761.721099
2024.10.29,14401.47245
2024.10.30,8959.146233
2024.10.31,12070.36028
2024.11.1,12153.42614
2024.11.2,2965.298914
2024.11.3,6332.912608
2024.11.4,8407.386249
2024.11.5,8409.535256
2024.11.6,16807.24747
2024.11.7,12386.6151
2024.11.8,9503.778908
2024.11.9,5062.791509
2024.11.10,11416.5485
2024.11.11,13795.44029
2024.11.12,24138.13992
2024.11.13,15840.36529
2024.11.14,14372.6456
2024.11.15,13559.60312
2024.11.16,8947.814177
2024.11.17,5551.597901
2024.11.18,11876.00163
2024.11.19,2594.338128